商品名稱,商品圖片,商品URL,商品類型,售價 (TWD),特價 (TWD)
盒玩 史努比微型展示板,https://img.slimetoy.com.tw/products/01KK9V3QPYN682PP1ZTZSDNSTW.webp,https://slimetoy.com.tw/blindbox/detail/622,盒玩,280.0,
盒玩 《間諜家家酒》安妮亞驚喜黏土人,https://img.slimetoy.com.tw/products/01KK9TS4N2M99G0S5MQFQBSVEQ.webp,https://slimetoy.com.tw/blindbox/detail/621,盒玩,380.0,
盒玩 《孤獨搖滾！》驚喜黏土人,https://img.slimetoy.com.tw/products/01KKA4A1NCSEB4R6AQ85HW8JCA.webp,https://slimetoy.com.tw/blindbox/detail/620,盒玩,380.0,
一番賞 《航海王》 ~我所憧憬的未來~,https://img.slimetoy.com.tw/products/01KK9WJFMB66X8JZSYBA315FGM.webp,https://slimetoy.com.tw/ichiban/tubes/619,一番賞,360.0,
轉蛋 麵包小偷造型公仔P4 飯糰小子的旅程,https://img.slimetoy.com.tw/products/01KK4J17WGBQYGRJMBGYZ8R2XD.webp,https://slimetoy.com.tw/gacha/detail/618,轉蛋,150.0,
轉蛋 葬送的芙莉蓮飯糰玩偶吊飾,https://img.slimetoy.com.tw/products/01KK4HPBHZRAWZCPYWXA4PT45C.webp,https://slimetoy.com.tw/gacha/detail/617,轉蛋,150.0,
一番賞 大人的玩具！世界首款8K無死角空拍機！,https://img.slimetoy.com.tw/products/01KK523BSD079P0WEABC00AHKH.webp,https://slimetoy.com.tw/ichiban/detail/615,一番賞,299.0,199.0
一番賞 超高CP值！iPhone 17e 嫩粉色淡雅登場,https://img.slimetoy.com.tw/products/01KK501F50DATM4ZEXABV9RWCC.png,https://slimetoy.com.tw/ichiban/detail/614,一番賞,149.0,99.0
一番賞 《關於我轉生變成史萊姆這檔事》劇場版：蒼海之淚篇,https://img.slimetoy.com.tw/products/01KK1JET3TDDF57DQFKK623622.webp,https://slimetoy.com.tw/ichiban/detail/612,一番賞,395.0,360.0
一番賞 潮玩賞 一番賞公仔大亂鬥 Part11,https://img.slimetoy.com.tw/products/01KJN7F18XP2C75XDBKZ2DEJGE.webp,https://slimetoy.com.tw/ichiban/detail/610,一番賞,249.0,199.0
轉蛋 小小兵BelloWorld環遊世界,https://img.slimetoy.com.tw/products/01KJG25P9J1FRSX96H7DWEM1Q2.webp,https://slimetoy.com.tw/gacha/detail/609,轉蛋,120.0,
一番賞 哆啦A夢 ~永遠與你同在~,https://img.slimetoy.com.tw/products/01KJN76V2SPT6F5F69D31VHKQH.webp,https://slimetoy.com.tw/ichiban/detail/608,一番賞,365.0,330.0
一番賞 潮玩賞 iPhone 17 Pro x AirPods Pro 3,https://img.slimetoy.com.tw/products/01KHBWZRGRAHZKC0M08BQHH0WS.webp,https://slimetoy.com.tw/ichiban/detail/424,一番賞,199.0,160.0
一番賞 幽☆遊☆白書 暗黒武術会編 vol.3,https://img.slimetoy.com.tw/products/01KJDS536324HZQX6ZVEKASKGD.webp,https://slimetoy.com.tw/ichiban/tubes/605,一番賞,380.0,
轉蛋 蠟筆小新等待中公仔 P6,https://img.slimetoy.com.tw/products/01KJACCM4Z5GEH2PA9YDXQCJ7P.webp,https://slimetoy.com.tw/gacha/detail/603,轉蛋,135.0,
一番賞 《貓福珊迪》 ~與貓咪們的睡衣派對~,https://img.slimetoy.com.tw/products/01KJ0T9PBD8CBE3SRQC9P2WBXT.webp,https://slimetoy.com.tw/ichiban/tubes/602,一番賞,360.0,
一番賞 J'code 真愛密碼 大三元黃金開運麻將,https://img.slimetoy.com.tw/products/01KHH3PQNG10SN38DTEMDDY4KG.webp,https://slimetoy.com.tw/ichiban/detail/590,一番賞,168.0,88.0
一番賞 《P5R 女神異聞錄5 皇家版》,https://img.slimetoy.com.tw/products/01KGT1EJJXCPCKMBXAJR4G3HH1.webp,https://slimetoy.com.tw/ichiban/detail/581,一番賞,420.0,360.0
一番賞 《海賊王EX》惡魔的寄宿者們 vol.3,https://img.slimetoy.com.tw/products/01KFT2RNBHGKVC0VBMAMQ6Y3Z0.webp,https://slimetoy.com.tw/ichiban/tubes/555,一番賞,360.0,
一番賞 潮玩賞 周大福 x 吉伊卡哇 &迪士尼 999.9黃金系列,https://img.slimetoy.com.tw/products/01KG06FJ7DGDZHZ8A1SP2NG2YB.webp,https://slimetoy.com.tw/ichiban/detail/554,一番賞,149.0,99.0
一番賞 FURYU賞《Minecraft麥塊》絨毛夥伴,https://img.slimetoy.com.tw/products/01KFBW4D61MMRK5VWPTPXCHSQA.webp,https://slimetoy.com.tw/ichiban/detail/550,一番賞,350.0,330.0
一番賞 潮玩賞 POPMART 400%大亂鬥,https://img.slimetoy.com.tw/products/01KFAAT6ZPS38TH25EGFJN68X3.webp,https://slimetoy.com.tw/ichiban/detail/548,一番賞,249.0,199.0
一番賞 潮玩賞 PlayStation Portal遙控遊玩機,https://img.slimetoy.com.tw/products/01KF095DRN7CNVC8DQNW25FEXN.webp,https://slimetoy.com.tw/ichiban/detail/544,一番賞,149.0,99.0
一番賞 潮玩GK賞 間諜家家酒大亂鬥,https://img.slimetoy.com.tw/products/01KER2HAF7MX8M751NTFEA39PJ.webp,https://slimetoy.com.tw/ichiban/detail/530,一番賞,250.0,199.0
一番賞 UK工作室｜1/6 雙頭雕桃紅黑悟空,https://img.slimetoy.com.tw/products/01KEQ2N2JN75J9V8X87RH3P0VH.webp,https://slimetoy.com.tw/ichiban/detail/529,一番賞,499.0,425.0
一番賞 潮玩賞 吉伊卡哇大合集 Part2,https://img.slimetoy.com.tw/products/01KEFEA0SHYVMFWZVMZBQK1DV8.jpg,https://slimetoy.com.tw/ichiban/detail/522,一番賞,249.0,199.0
一番賞 寶可夢 Peace系列 ~歡迎光臨「PEACE」餐廳~,https://img.slimetoy.com.tw/products/01KEV990Q9SB7HWW0186CHAVAY.webp,https://slimetoy.com.tw/ichiban/tubes/481,一番賞,310.0,
一番賞 《七龍珠》 40周年 ~其之二~,https://img.slimetoy.com.tw/products/01KEYRRTTZT88GS0HR3BDY1VXG.webp,https://slimetoy.com.tw/ichiban/detail/447,一番賞,390.0,360.0
一番賞 《七龍珠》DRAGONBALL SNAP COLLECTION2,https://img.slimetoy.com.tw/products/01KEVACGARH0RHMHW4CDF1T804.webp,https://slimetoy.com.tw/ichiban/detail/438,一番賞,380.0,315.0
一番賞 潮玩賞 《寶可夢傳說Z-A》x Nintendo Switch 2,https://img.slimetoy.com.tw/products/01KEVBX132Z13YHT0ZSVTB2W85.webp,https://slimetoy.com.tw/ichiban/detail/433,一番賞,299.0,199.0
一番賞 潮玩賞 MacBook Air 13吋 16GB/512GB,https://img.slimetoy.com.tw/products/01KEYRHSFM89WPXABMRC9Z7GB1.webp,https://slimetoy.com.tw/ichiban/detail/392,一番賞,149.0,99.0
盒玩 三麗鷗換裝中公仔,https://img.slimetoy.com.tw/products/01KJSASR5FDE929V22N91P0EYA.webp,https://slimetoy.com.tw/blindbox/detail/294,盒玩,350.0,
轉蛋 我的英雄學院睡眠公仔P4,https://img.slimetoy.com.tw/products/01KJSAN7XJASDKMHV51FYQFXQ7.webp,https://slimetoy.com.tw/gacha/detail/606,轉蛋,120.0,
轉蛋 迪士尼麵包吊飾,https://img.slimetoy.com.tw/products/01KJACNZ6SSS9YDNS3M8B920K0.webp,https://slimetoy.com.tw/gacha/detail/604,轉蛋,120.0,
轉蛋 動物愛好系列-柴犬的日常P2,https://img.slimetoy.com.tw/products/01KHRK4AFGQ15Q627VEXMXN354.webp,https://slimetoy.com.tw/gacha/detail/601,轉蛋,120.0,
轉蛋 轉生史萊姆抬頭看公仔,https://img.slimetoy.com.tw/products/01KHRH7K7HQZTRXWPGZ9G3BSC2.webp,https://slimetoy.com.tw/gacha/detail/600,轉蛋,150.0,
轉蛋 燒燙燙地瓜吊飾P2,https://img.slimetoy.com.tw/products/01KHR0F4SK1ZRPVB4FYTWTMF47.webp,https://slimetoy.com.tw/gacha/detail/599,轉蛋,100.0,
轉蛋 搖曳露營第三季公仔RICH,https://img.slimetoy.com.tw/products/01KHR01H542XRNNV2WWS4GCEM8.webp,https://slimetoy.com.tw/gacha/detail/598,轉蛋,200.0,
轉蛋 情境小物包鉤環 證件快拍&拍貼機,https://img.slimetoy.com.tw/products/01KHQX7S88S6V38W6B7HG42M8K.webp,https://slimetoy.com.tw/gacha/detail/597,轉蛋,150.0,
轉蛋 拉繩震動狗狗絨毛吊飾,https://img.slimetoy.com.tw/products/01KHQVCWZP4SK9ACEZSGHDZM2X.webp,https://slimetoy.com.tw/gacha/detail/596,轉蛋,150.0,
轉蛋 初音未來回頭公仔,https://img.slimetoy.com.tw/products/01KHQTY314QJPVEMFVE4FQSFSC.webp,https://slimetoy.com.tw/gacha/detail/595,轉蛋,150.0,
轉蛋 哥布林可動人型公仔P2,https://img.slimetoy.com.tw/products/01KHQQJV72S063D2S6NDGJ523C.webp,https://slimetoy.com.tw/gacha/detail/594,轉蛋,150.0,
轉蛋 拉伸進擊的巨人,https://img.slimetoy.com.tw/products/01KHQQ8D60VYVP9ZK4QS4FSN67.webp,https://slimetoy.com.tw/gacha/detail/593,轉蛋,150.0,
一番賞 「拒絕空氣賞！一抽入魂 iPhone 17，保底價值 150 元精選扭蛋等你拿。」,https://img.slimetoy.com.tw/products/01KHT5P51YSWQ7J4EAFH0HF9E1.webp,https://slimetoy.com.tw/ichiban/detail/587,一番賞,,
一番賞 七龍珠 EX 激闘!!天下第一武道會,https://img.slimetoy.com.tw/products/01KGT17P6K6DS7P4Z6S03JAKEZ.webp,https://slimetoy.com.tw/ichiban/detail/582,一番賞,360.0,330.0
轉蛋 Takuan與好友絨毛玩偶吊飾,https://img.slimetoy.com.tw/products/01KFYS6CFD5CZ7RH2T0KCRCTC2.webp,https://slimetoy.com.tw/gacha/detail/573,轉蛋,150.0,
轉蛋 BUILD WIZARDS公仔,https://img.slimetoy.com.tw/products/01KFYRR57Y4X9TZWHV06WA6VBK.webp,https://slimetoy.com.tw/gacha/detail/572,轉蛋,150.0,
轉蛋 米飛兔POINT AT公仔,https://img.slimetoy.com.tw/products/01KFYRCFVXB08A94DSW3KDQ0FB.webp,https://slimetoy.com.tw/gacha/detail/571,轉蛋,150.0,
轉蛋 暴走行李箱迴力車,https://img.slimetoy.com.tw/products/01KFYNVM1XGZWR9SK176SAS8VS.webp,https://slimetoy.com.tw/gacha/detail/570,轉蛋,150.0,
轉蛋 貓咪交響樂團,https://img.slimetoy.com.tw/products/01KFYPGDNP0VG8FKRKV8AHG33M.webp,https://slimetoy.com.tw/gacha/detail/569,轉蛋,120.0,
轉蛋 CLOCKWORK-CRYPTID3.0【龍種‧四腳型】,https://img.slimetoy.com.tw/products/01KFYK33KRYS8ESMAF0Q8HNYCR.webp,https://slimetoy.com.tw/gacha/detail/568,轉蛋,200.0,
轉蛋 從零開始的異世界生活發條玩偶公仔,https://img.slimetoy.com.tw/products/01KFWRMQ84P6SNANNBQZZMP287.webp,https://slimetoy.com.tw/gacha/detail/566,轉蛋,200.0,
轉蛋 汽車鑰匙模型NEO P2,https://img.slimetoy.com.tw/products/01KFWX1YRH88ZC7ZFZ8WSGQC56.webp,https://slimetoy.com.tw/gacha/detail/565,轉蛋,150.0,
轉蛋 今日也是好心情公仔,https://img.slimetoy.com.tw/products/01KFWNNXCX5BWMFZW9JBX8QV1R.webp,https://slimetoy.com.tw/gacha/detail/563,轉蛋,100.0,
轉蛋 水族館生物絨毛玩偶P3,https://img.slimetoy.com.tw/products/01KFWN1K8WNQMDMQ1ZZJ4P6KRN.webp,https://slimetoy.com.tw/gacha/detail/562,轉蛋,200.0,
轉蛋 神椿市建設中睡眠公仔,https://img.slimetoy.com.tw/products/01KFWKNH07FK0FJPRGH3Y7089H.webp,https://slimetoy.com.tw/gacha/detail/561,轉蛋,150.0,
轉蛋 Chokorin Collection 防風少年 Vol.2,https://img.slimetoy.com.tw/products/01KFW4RHQS53YJ2Q458F84MV12.webp,https://slimetoy.com.tw/gacha/detail/560,轉蛋,260.0,
轉蛋 Sandman人物公仔-歸來,https://img.slimetoy.com.tw/products/01KFW4B6VBH8ZXW37HW2RCEESZ.webp,https://slimetoy.com.tw/gacha/detail/559,轉蛋,150.0,
轉蛋 Cassette Playar Boy公仔,https://img.slimetoy.com.tw/products/01KFW3V78537SHQG183J8DTGP7.webp,https://slimetoy.com.tw/gacha/detail/558,轉蛋,150.0,
轉蛋 謊言偵測機模型-EX篇,https://img.slimetoy.com.tw/products/01KFW3D15G0R4XJXQG716T2PW6.webp,https://slimetoy.com.tw/gacha/detail/557,轉蛋,150.0,
轉蛋 被困住的貓咪手機墊片,https://img.slimetoy.com.tw/products/01KFW30FE7AAG57515YMVEQREC.webp,https://slimetoy.com.tw/gacha/detail/556,轉蛋,100.0,
轉蛋 火影忍者~喵~! 疾風傳 晚安喵~,https://img.slimetoy.com.tw/products/01KFQ4FY3YQMNXQ3Y0CSDVASFC.webp,https://slimetoy.com.tw/gacha/detail/553,轉蛋,320.0,
轉蛋 航海王 航海喵~蛋頭島篇,https://img.slimetoy.com.tw/products/01KFQ3BE3MHXAWVQD2XPBMY2MJ.webp,https://slimetoy.com.tw/gacha/detail/552,轉蛋,250.0,
轉蛋 三麗鷗角色壽司公仔P2,https://img.slimetoy.com.tw/products/01KFFBJBZE6PN5376T2XR4E8TS.webp,https://slimetoy.com.tw/gacha/detail/549,轉蛋,100.0,
轉蛋 轉蛋機造型殼吊飾,https://img.slimetoy.com.tw/products/01KF2CZ2TGDP23RX1ZYKBX4K27.webp,https://slimetoy.com.tw/gacha/detail/546,轉蛋,135.0,
轉蛋 排球少年！！ 好吃 COLLECTION BOX,https://img.slimetoy.com.tw/products/01KF2C7AACK53CEGBTW8ERA9ZB.webp,https://slimetoy.com.tw/gacha/detail/545,轉蛋,300.0,
轉蛋 上之空怪獸BO P2,https://img.slimetoy.com.tw/products/01KEY4NKHJXX9RFMZBCE5BFS0T.webp,https://slimetoy.com.tw/gacha/detail/542,轉蛋,150.0,
一番賞 新月工作室｜ 極巨化皮卡丘,https://img.slimetoy.com.tw/products/01KEY0F8YKTQZBJFF5G3WDTGK6.webp,https://slimetoy.com.tw/ichiban/detail/540,一番賞,150.0,135.0
轉蛋 軟萌小巧仔白澤P3,https://img.slimetoy.com.tw/products/01KEX5BM6PBNSYMDAP0CA0N97B.webp,https://slimetoy.com.tw/gacha/detail/539,轉蛋,150.0,
轉蛋 圖層畫廊 SHIKITORI壓克力吊飾P2 影國之民篇,https://img.slimetoy.com.tw/products/01KETQ770EYTMNJF7M0RHCGDGB.webp,https://slimetoy.com.tw/gacha/detail/538,轉蛋,150.0,
轉蛋 躍動感布丁P2,https://img.slimetoy.com.tw/products/01KETPRV2ZGHP977YWT5X4W8PY.webp,https://slimetoy.com.tw/gacha/detail/537,轉蛋,150.0,
轉蛋 懷舊PC男孩公仔,https://img.slimetoy.com.tw/products/01KETNTCP5DGXHM7Z6XXSJNKXP.webp,https://slimetoy.com.tw/gacha/detail/536,轉蛋,150.0,
轉蛋 排球少年角色閃亮徽章-sideB,https://img.slimetoy.com.tw/products/01KETNGH7FBTR8CH50PCP929CN.webp,https://slimetoy.com.tw/gacha/detail/535,轉蛋,100.0,
轉蛋 排球少年角色閃亮徽章-sideA,https://img.slimetoy.com.tw/products/01KETMWD7FZTZD0QVGZ9CNST7P.webp,https://slimetoy.com.tw/gacha/detail/534,轉蛋,100.0,
轉蛋 侏儸紀世界軟膠公仔P2,https://img.slimetoy.com.tw/products/01KETKS7ZWFH45JQHPXFY1HXDM.webp,https://slimetoy.com.tw/gacha/detail/533,轉蛋,150.0,
轉蛋 精靈寶可夢甜點公仔P7,https://img.slimetoy.com.tw/products/01KETKB7Q5Y42RDE6CCV343Z01.webp,https://slimetoy.com.tw/gacha/detail/532,轉蛋,120.0,
轉蛋 侏儸紀世界可動恐龍公仔P2,https://img.slimetoy.com.tw/products/01KEV398YG73H6HAQFP2QMVXQQ.webp,https://slimetoy.com.tw/gacha/detail/531,轉蛋,150.0,
盒玩 52TOYS 蠟筆小新摸魚新生活 可動玩偶,https://img.slimetoy.com.tw/products/01KEGSNJY79NA9Z3EF468WBSQ1.webp,https://slimetoy.com.tw/blindbox/detail/527,盒玩,450.0,
轉蛋 PalVerse 我的英雄學院角色P2,https://img.slimetoy.com.tw/products/01KEG83HT94T5GZ8SE11KKE2AZ.webp,https://slimetoy.com.tw/gacha/detail/523,轉蛋,330.0,
轉蛋 拉拉熊小黃雞瑪芬咖啡廳玩偶吊飾,https://img.slimetoy.com.tw/products/01KEBP69DBEMCR8PDW6KVGQK22.png,https://slimetoy.com.tw/gacha/detail/520,轉蛋,150.0,
轉蛋 聲光汽車方向指示器,https://img.slimetoy.com.tw/products/01KEYR9RGV8E5HR77MJFPS53J7.webp,https://slimetoy.com.tw/gacha/detail/519,轉蛋,120.0,
盒玩 52TOYS 迪士尼公主系列 旋轉木馬,https://img.slimetoy.com.tw/products/01KED3E0WYRNZ06077TC77QDFF.webp,https://slimetoy.com.tw/blindbox/detail/517,盒玩,300.0,
盒玩 52TOYS 迪士尼 唐老鴨俱樂部,https://img.slimetoy.com.tw/products/01KED3WHN176XKJ4YJDTWP6N0J.webp,https://slimetoy.com.tw/blindbox/detail/516,盒玩,350.0,
盒玩 52TOYS TOM and JERRY經典MOMENT,https://img.slimetoy.com.tw/products/01KEFMVPDNE9V18KCBSCMPVHTY.webp,https://slimetoy.com.tw/blindbox/detail/514,盒玩,350.0,
轉蛋 哈利波特好朋友公仔,https://img.slimetoy.com.tw/products/01KEBP9QB9VT6RNHCFHT4V99TN.webp,https://slimetoy.com.tw/gacha/detail/513,轉蛋,100.0,
轉蛋 NG禁言音效器,https://img.slimetoy.com.tw/products/01KEA2SXWEGXRM01SGTCV725WN.webp,https://slimetoy.com.tw/gacha/detail/512,轉蛋,120.0,
轉蛋 蚊取戰香,https://img.slimetoy.com.tw/products/01KEA4Q5DPH0EJ9XNWWKW56JER.webp,https://slimetoy.com.tw/gacha/detail/511,轉蛋,120.0,
轉蛋 蓄勢待發犬P2,https://img.slimetoy.com.tw/products/01KEACD5XYTN4XNQ0MM3RWMJXQ.webp,https://slimetoy.com.tw/gacha/detail/510,轉蛋,100.0,
盒玩 52TOYS TOM and JERRY 貓鼠大作戰,https://img.slimetoy.com.tw/products/01KEFNJQK4JR34GHEXNDNWJTZC.webp,https://slimetoy.com.tw/blindbox/detail/509,盒玩,350.0,
盒玩 52TOYS Sleep海之精靈,https://img.slimetoy.com.tw/products/01KEJ2XE0ZVY7HM4NM4CAHA2H8.webp,https://slimetoy.com.tw/blindbox/detail/503,盒玩,350.0,
盒玩 52TOYS Sleep幻境系列 生之幻想,https://img.slimetoy.com.tw/products/01KF11VJ6KXVGV76P29W8F8N0G.webp,https://slimetoy.com.tw/blindbox/detail/501,盒玩,400.0,
盒玩 52TOYS Sleep幻境系列 以夢為境,https://img.slimetoy.com.tw/products/01KEYV0MXGYAQEW3PKMESJXJAB.webp,https://slimetoy.com.tw/blindbox/detail/500,盒玩,400.0,
一番賞 太空戰士 Final Fantasy VII,https://img.slimetoy.com.tw/products/01KEFDR3D2J4RQRD9C5B74XA42.webp,https://slimetoy.com.tw/ichiban/detail/497,一番賞,290.0,
盒玩 52TOYS 蠟筆小新 心點系列,https://img.slimetoy.com.tw/products/01KEYSPF044B0ETJ1YY03PM9CK.webp,https://slimetoy.com.tw/blindbox/detail/496,盒玩,300.0,
盒玩 52TOYS 蠟筆小新 不理不理左衛門的日常,https://img.slimetoy.com.tw/products/01KEYS6MQV4M6KBWHSX1XPEE2X.webp,https://slimetoy.com.tw/blindbox/detail/495,盒玩,350.0,
一番賞 潮玩賞 Google Pixel 10 Pro 5G (16G/512G),https://img.slimetoy.com.tw/products/01KEV959C5G7Q21TPT3JBJBEE4.webp,https://slimetoy.com.tw/ichiban/detail/494,一番賞,120.0,99.0
盒玩 52TOYS 迪士尼熊抱哥 草莓熊ITS ME 2,https://img.slimetoy.com.tw/products/01KF19JKQT43D63GX0GHEYS75A.webp,https://slimetoy.com.tw/blindbox/detail/492,盒玩,350.0,
盒玩 52TOYS 迪士尼玩具總動員 三眼怪的披薩星球,https://img.slimetoy.com.tw/products/01KF1A1JDGZ8YRZXAR468AGCR0.webp,https://slimetoy.com.tw/blindbox/detail/491,盒玩,350.0,
盒玩 52TOYS NOOK廢土樂園,https://img.slimetoy.com.tw/products/01KF1BVH5F8K5THEX4JGSHB51K.webp,https://slimetoy.com.tw/blindbox/detail/487,盒玩,400.0,
盒玩 52TOYS Lilith系列 秘密實驗,https://img.slimetoy.com.tw/products/01KF1CZ1EEN21228BPMW3G6M06.webp,https://slimetoy.com.tw/blindbox/detail/484,盒玩,350.0,
轉蛋 麵包小偷扣環小物包,https://img.slimetoy.com.tw/products/01KEA2ER43AS0ZDPTF15HEFQ0W.webp,https://slimetoy.com.tw/gacha/detail/482,轉蛋,135.0,
轉蛋 散步柯基,https://img.slimetoy.com.tw/products/01KEA699XTAENM64CYC65HMSR8.webp,https://slimetoy.com.tw/gacha/detail/479,轉蛋,120.0,
轉蛋 哈利波特蜂蜜公爵點心吊飾,https://img.slimetoy.com.tw/products/01KDCRX414AKX2N20DYE2RMRK1.jpg,https://slimetoy.com.tw/gacha/detail/478,轉蛋,100.0,
轉蛋 星之卡比瓦豆魯迪公仔集合,https://img.slimetoy.com.tw/products/01KDCQ8YXHWVQ2T0G0TK0GNBGN.jpg,https://slimetoy.com.tw/gacha/detail/477,轉蛋,100.0,
轉蛋 吉伊卡哇玩偶迷你托特包,https://img.slimetoy.com.tw/products/01KD7MQ3R1KN9AKM08Q907FYT9.jpg,https://slimetoy.com.tw/gacha/detail/476,轉蛋,365.0,
轉蛋 超級瑪利歐道具捏捏吊飾,https://img.slimetoy.com.tw/products/01KD7MD08AJ4DJNRK1VE2NCPG8.jpg,https://slimetoy.com.tw/gacha/detail/475,轉蛋,185.0,
轉蛋 湯姆貓與傑利鼠想賴床公仔,https://img.slimetoy.com.tw/products/01KCT8DS4MZVFEFH9V1C6QEVT8.jpg,https://slimetoy.com.tw/gacha/detail/474,轉蛋,185.0,
轉蛋 當個創世神公仔吊飾P3,https://img.slimetoy.com.tw/products/01KCT848HJEQ49G3YK4VY8JSKA.jpg,https://slimetoy.com.tw/gacha/detail/473,轉蛋,135.0,
轉蛋 西村優志開心熊貓玩偶吊飾P2,https://img.slimetoy.com.tw/products/01KCT6E711170QS47F2A994QCD.jpg,https://slimetoy.com.tw/gacha/detail/472,轉蛋,150.0,
轉蛋 排球少年學校書包風環保袋,https://img.slimetoy.com.tw/products/01KCR4DCBFMFWBPES9D572C06D.jpg,https://slimetoy.com.tw/gacha/detail/471,轉蛋,200.0,
轉蛋 寶可夢尾巴公仔P1,https://img.slimetoy.com.tw/products/01KCR43QBKP3BZKQFA1M97MER2.jpg,https://slimetoy.com.tw/gacha/detail/470,轉蛋,135.0,
轉蛋 吉伊卡哇夾手玩偶P1,https://img.slimetoy.com.tw/products/01KCQQWM2AZR3M3P4WF503M21H.jpg,https://slimetoy.com.tw/gacha/detail/469,轉蛋,185.0,
轉蛋 蠟筆小新剛睡醒公仔,https://img.slimetoy.com.tw/products/01KCQST8CDCYP5HJRTQAPNZS0R.jpg,https://slimetoy.com.tw/gacha/detail/468,轉蛋,135.0,
轉蛋 葬送的芙莉蓮造型吊飾,https://img.slimetoy.com.tw/products/01KCQPHFFJXBP0EKEF1QR82Z0H.jpg,https://slimetoy.com.tw/gacha/detail/466,轉蛋,135.0,
轉蛋 喵影忍者 -午餐時光-,https://img.slimetoy.com.tw/products/01KCN5BNCR6GN7VGQPQVR9TRDN.jpg,https://slimetoy.com.tw/gacha/detail/465,轉蛋,280.0,
轉蛋 西村優志打瞌睡托特包,https://img.slimetoy.com.tw/products/01KCN51PMYD6CDGJXB9TDNP4FT.jpg,https://slimetoy.com.tw/gacha/detail/464,轉蛋,150.0,
轉蛋 西村優志搖搖三連鑰匙圈,https://img.slimetoy.com.tw/products/01KCN4QEWTWTGQKXN9KFK9DJQT.jpg,https://slimetoy.com.tw/gacha/detail/463,轉蛋,120.0,
轉蛋 哈利波特造型吊飾+3,https://img.slimetoy.com.tw/products/01KCN1GV7YSGQT05VCWZY16H9Z.jpg,https://slimetoy.com.tw/gacha/detail/462,轉蛋,180.0,
轉蛋 JOJO的奇妙冒險 替身公仔P9,https://img.slimetoy.com.tw/products/01KCN0X0SZ6C07CY0Z98WW68W2.jpg,https://slimetoy.com.tw/gacha/detail/461,轉蛋,200.0,
轉蛋 等一下狗狗P3,https://img.slimetoy.com.tw/products/01KCN0CM9MJEXTYG86TJZWHG3Q.jpg,https://slimetoy.com.tw/gacha/detail/460,轉蛋,135.0,
轉蛋 藍色監獄睡眠公仔 起床篇,https://img.slimetoy.com.tw/products/01KCN01EE5AS3488CW4T5VPGJK.jpg,https://slimetoy.com.tw/gacha/detail/459,轉蛋,185.0,
轉蛋 三麗鷗被打敗了公仔,https://img.slimetoy.com.tw/products/01KCG9TYJJDZQ2A2TTRD37HD50.jpg,https://slimetoy.com.tw/gacha/detail/456,轉蛋,135.0,
轉蛋 氣死貓了P4,https://img.slimetoy.com.tw/products/01KCG8Z3E5K8HY1NEDVT717YZD.jpg,https://slimetoy.com.tw/gacha/detail/455,轉蛋,135.0,
轉蛋 小精靈X三麗鷗角色公仔P2,https://img.slimetoy.com.tw/products/01KCG8DW07NB3ZC0YTA3KRRMSA.jpg,https://slimetoy.com.tw/gacha/detail/454,轉蛋,225.0,
轉蛋 ONE PIECE 等待中,https://img.slimetoy.com.tw/products/01KCS4F2A0YM5M398WPNGH70T1.jpg,https://slimetoy.com.tw/gacha/detail/453,轉蛋,225.0,
轉蛋 貓福珊迪毛茸茸睡衣公仔,https://img.slimetoy.com.tw/products/01KCG7464BVBN375KBSGF288YP.jpg,https://slimetoy.com.tw/gacha/detail/452,轉蛋,185.0,
轉蛋 寶可夢可動公仔 超級超夢X&Y,https://img.slimetoy.com.tw/products/01KCG2PZTQBV158C13P6FNS6MT.jpg,https://slimetoy.com.tw/gacha/detail/451,轉蛋,315.0,
一番賞 《海賊王》- ROAD TO DAWN-冒險的軌跡- (代理版),https://img.slimetoy.com.tw/products/01KEV9TD2FZRE6SC0A63S845D9.webp,https://slimetoy.com.tw/ichiban/detail/444,一番賞,350.0,
一番賞 《火影忍者疾風傳》 -映照心靈的赤色之瞳- (代理版),https://img.slimetoy.com.tw/products/01KEV9QV63X0M3V5PGSB43MXG0.webp,https://slimetoy.com.tw/ichiban/detail/443,一番賞,350.0,
一番賞 《排球少年》~通往全國之路~(代理版),https://img.slimetoy.com.tw/products/01KEV9MV2GTWFMTY4F0VVC1Y3M.webp,https://slimetoy.com.tw/ichiban/detail/442,一番賞,350.0,
一番賞 《七龍珠》 DRAGONBALL SNAP COLLECTION (代理版),https://img.slimetoy.com.tw/products/01KEVAEYTCMTSEGA9Y8ZZ4T0T4.webp,https://slimetoy.com.tw/ichiban/detail/441,一番賞,350.0,
轉蛋 寶可夢野餐公仔P2,https://img.slimetoy.com.tw/products/01KBP751V78YJ16F8HNS1MJZE6.jpg,https://slimetoy.com.tw/gacha/detail/435,轉蛋,100.0,
轉蛋 迪士尼惡役Fantaisie Vignette2,https://img.slimetoy.com.tw/products/01KBP5T5H36E23E09QXK1X36JR.jpg,https://slimetoy.com.tw/gacha/detail/434,轉蛋,175.0,
轉蛋 異世界貓,https://img.slimetoy.com.tw/products/01KBH4GWARFTR6GTF5NWQHW0Z7.jpg,https://slimetoy.com.tw/gacha/detail/429,轉蛋,100.0,
轉蛋 動物方城市HAHAHA公仔,https://img.slimetoy.com.tw/products/01KBGZD4N8CQD7M177M2QT0YZ2.jpg,https://slimetoy.com.tw/gacha/detail/428,轉蛋,135.0,
轉蛋 按嗎？緊急按鈕模型P2,https://img.slimetoy.com.tw/products/01KBEGJ873BN0YSHFVNAPJWHME.jpg,https://slimetoy.com.tw/gacha/detail/420,轉蛋,180.0,
轉蛋 海綿寶寶好朋友公仔,https://img.slimetoy.com.tw/products/01KBEFWPY2YN837GH4K8FT6NX8.jpg,https://slimetoy.com.tw/gacha/detail/419,轉蛋,120.0,
轉蛋 吉伊卡哇多彩托特包P2,https://img.slimetoy.com.tw/products/01KBCJGVBXYB54TXPGD4022PVF.jpg,https://slimetoy.com.tw/gacha/detail/417,轉蛋,200.0,
一番賞 潮玩賞 PlayStation®5 Slim 光碟版主機,https://img.slimetoy.com.tw/products/01KCP4YA32QTDBWFJG65NW9GMV.jpg,https://slimetoy.com.tw/ichiban/detail/414,一番賞,299.0,249.0
盒玩 寶可夢油燈立體盆景品,https://img.slimetoy.com.tw/products/01KB39QNSY6XACD6PQK8QX5N68.png,https://slimetoy.com.tw/blindbox/detail/403,盒玩,300.0,
轉蛋 大英雄天團躲貓貓,https://img.slimetoy.com.tw/products/01KB1J9E5BWHPNFBQH591N7HQ9.jpg,https://slimetoy.com.tw/gacha/detail/401,轉蛋,135.0,
轉蛋 皮克斯迷你造型扭蛋機,https://img.slimetoy.com.tw/products/01KB1HRCT8SZNB362KN3T2JHAB.jpg,https://slimetoy.com.tw/gacha/detail/400,轉蛋,130.0,
轉蛋 膽大黨造型吊飾,https://img.slimetoy.com.tw/products/01KB1H3KNFC7N8PJ7FCBRGASWR.jpg,https://slimetoy.com.tw/gacha/detail/399,轉蛋,135.0,
轉蛋 膽大黨Q版公仔吊飾,https://img.slimetoy.com.tw/products/01KB1GJP6MFG4TJSN32D6GED7N.jpg,https://slimetoy.com.tw/gacha/detail/398,轉蛋,150.0,
轉蛋 三麗鷗角色盪鞦韆,https://img.slimetoy.com.tw/products/01KB1FF3T1AC8PVZK40AANZQBV.jpg,https://slimetoy.com.tw/gacha/detail/397,轉蛋,150.0,
轉蛋 孤獨搖滾滑跤公仔,https://img.slimetoy.com.tw/products/01KASRWQSHMWXHNP7WG13KABN1.jpg,https://slimetoy.com.tw/gacha/detail/394,轉蛋,150.0,
轉蛋 史努比與糊塗塌客好朋友公仔,https://img.slimetoy.com.tw/products/01KASRH9QH8Q73NYMBAKE3C3Y2.jpg,https://slimetoy.com.tw/gacha/detail/393,轉蛋,150.0,
轉蛋 迪士尼角色賭氣公仔P1,https://img.slimetoy.com.tw/products/01KAJD2QYAYXD9674PZMYQRF2R.jpg,https://slimetoy.com.tw/gacha/detail/388,轉蛋,150.0,
一番賞 潮玩賞 iPhone 17 Pro Max Proの天堂與地獄,https://img.slimetoy.com.tw/products/01KHBX2YCDQD5S2HQBS5ZSBV7F.webp,https://slimetoy.com.tw/ichiban/detail/386,一番賞,3499.0,3250.0
轉蛋 絕望貓,https://img.slimetoy.com.tw/products/01KAFE1KP6SM5N9HWDKVYAKF01.jpg,https://slimetoy.com.tw/gacha/detail/385,轉蛋,150.0,
轉蛋 變色飯店,https://img.slimetoy.com.tw/products/01KACXNR26Z9XTPWA8RTD05TD4.jpg,https://slimetoy.com.tw/gacha/detail/383,轉蛋,120.0,
轉蛋 精靈寶可夢公仔吊飾 一般系,https://img.slimetoy.com.tw/products/01KAARHC14MY8YTM63WZWW0JJQ.jpg,https://slimetoy.com.tw/gacha/detail/382,轉蛋,150.0,
轉蛋 西村裕二小老鼠造型吊飾,https://img.slimetoy.com.tw/products/01KAAFFW794GWMNGCKC9D5G7CR.jpg,https://slimetoy.com.tw/gacha/detail/381,轉蛋,125.0,
轉蛋 湯姆貓與傑利鼠融化了公仔,https://img.slimetoy.com.tw/products/01KA7S3FSS3932P4N87QK2E14T.jpg,https://slimetoy.com.tw/gacha/detail/380,轉蛋,185.0,
轉蛋 三麗鷗小護士公仔吊飾,https://img.slimetoy.com.tw/products/01KA7RVV8FYRXK16H5EX4AAQVA.jpg,https://slimetoy.com.tw/gacha/detail/379,轉蛋,135.0,
轉蛋 等待中的迪士尼惡役,https://img.slimetoy.com.tw/products/01KA7RKFW6KAJA7K9AQEVJE37P.jpg,https://slimetoy.com.tw/gacha/detail/378,轉蛋,185.0,
轉蛋 aespa發光手燈吊飾,https://img.slimetoy.com.tw/products/01KA7RCG015CQ0T5QJYQNMY73W.jpg,https://slimetoy.com.tw/gacha/detail/377,轉蛋,225.0,
轉蛋 鬼滅之刃坐姿公仔 無限城2,https://slimetoy.com.tw/gacha/detail/377,https://slimetoy.com.tw/gacha/detail/376,轉蛋,225.0,
轉蛋 我推的孩子Q版公仔吊飾,https://img.slimetoy.com.tw/products/01KA0KMQ2RH7TGME2TS7H4SW07.jpg,https://slimetoy.com.tw/gacha/detail/371,轉蛋,120.0,
轉蛋 大耳狗天色心情串聯吊飾,https://img.slimetoy.com.tw/products/01KA018R93MHPCYWAHFT9A62GH.jpg,https://slimetoy.com.tw/gacha/detail/370,轉蛋,120.0,
轉蛋 三麗鷗休假日公仔,https://img.slimetoy.com.tw/products/01K9Y5MVTR07Z7RR3QC4WYCBN0.jpg,https://slimetoy.com.tw/gacha/detail/369,轉蛋,120.0,
轉蛋 湯姆貓與傑利鼠HAHAHA公仔,https://img.slimetoy.com.tw/products/01K9Y5CF2JPJWA2FN62D0EXQSS.jpg,https://slimetoy.com.tw/gacha/detail/368,轉蛋,145.0,
轉蛋 吉伊卡哇角色拿鐵藝術食玩,https://img.slimetoy.com.tw/products/01K9VEZ2Y19A49EBPGRCDCZQRZ.jpg,https://slimetoy.com.tw/gacha/detail/367,轉蛋,165.0,
轉蛋 搗麻糬肌肉玉兔,https://img.slimetoy.com.tw/products/01K9E03D86VWDB9QTYJMEJQPX6.jpg,https://slimetoy.com.tw/gacha/detail/361,轉蛋,150.0,
轉蛋 玩具總動員 安弟來了,https://img.slimetoy.com.tw/products/01K9BXJ6A9TT206C2WK323W4AN.jpg,https://slimetoy.com.tw/gacha/detail/360,轉蛋,150.0,
轉蛋 三麗鷗角色閃亮氣球公仔P2,https://img.slimetoy.com.tw/products/01K99DACCT7XEF2NR00RTPFK96.jpg,https://slimetoy.com.tw/gacha/detail/359,轉蛋,100.0,
轉蛋 玩具總動員30週年三眼怪壽司公仔,https://img.slimetoy.com.tw/products/01K99CHWYMVMATCAM0R2ZS8C6R.jpg,https://slimetoy.com.tw/gacha/detail/358,轉蛋,150.0,
轉蛋 神鬼奇航電影道具收藏,https://img.slimetoy.com.tw/products/01K99C1Y4FHSPXCDJ4TTRENBH6.jpg,https://slimetoy.com.tw/gacha/detail/357,轉蛋,150.0,
轉蛋 夏目友人帳四季景瓶,https://img.slimetoy.com.tw/products/01K99BBJRAG82M8Y84GVZ8E36Q.jpg,https://slimetoy.com.tw/gacha/detail/356,轉蛋,150.0,
轉蛋 看看我家孩子娃包吊飾 注目篇,https://img.slimetoy.com.tw/products/01K968KHRTKW02TYY6FRW6V3B1.jpg,https://slimetoy.com.tw/gacha/detail/352,轉蛋,150.0,
轉蛋 鋼彈X初音周年特別企劃公仔,https://img.slimetoy.com.tw/products/01K8VYGM5C358JQN6KD9BCMV1M.jpg,https://slimetoy.com.tw/gacha/detail/348,轉蛋,200.0,
盒玩 寶可夢NEON PARTY,https://img.slimetoy.com.tw/products/01K8J6WSZ6Q8PG90VQYV3WGE5Q.jpg,https://slimetoy.com.tw/blindbox/detail/342,盒玩,320.0,
盒玩 寶可夢Little Night收藏P2 ~黑夜裡的小惡作劇~,https://img.slimetoy.com.tw/products/01K8J5FJVB5JJQMQERQQPQWW51.jpg,https://slimetoy.com.tw/blindbox/detail/341,盒玩,320.0,
盒玩 HUNTER×HUNTER 獵人 桌上小物P3,https://img.slimetoy.com.tw/products/01K8HRN42HB5HZFNX39R15P8QY.jpg,https://slimetoy.com.tw/blindbox/detail/339,盒玩,320.0,
盒玩 麵包小偷繪本的世界,https://img.slimetoy.com.tw/products/01K8HR488AD9301BEHB662V82E.jpg,https://slimetoy.com.tw/blindbox/detail/338,盒玩,320.0,
轉蛋 戴墨鏡的天竺鼠,https://img.slimetoy.com.tw/products/01K8HQSZ2HRHCQJNQ2SGEBWD6Q.jpg,https://slimetoy.com.tw/gacha/detail/337,轉蛋,120.0,
轉蛋 三麗鷗角色展示卡臉,https://img.slimetoy.com.tw/products/01K8HND8NF4S041TX0TJ30TGRA.jpg,https://slimetoy.com.tw/gacha/detail/333,轉蛋,100.0,
轉蛋 貓福珊迪X三麗鷗變裝公仔P3,https://img.slimetoy.com.tw/products/01K8HMW1YKW844B9XRJX9X3Y40.jpg,https://slimetoy.com.tw/gacha/detail/332,轉蛋,150.0,
轉蛋 膽大黨睡眠公仔P2,https://img.slimetoy.com.tw/products/01K87BFJ7GVSW9TV1MH5SRVMG2.jpg,https://slimetoy.com.tw/gacha/detail/328,轉蛋,150.0,
轉蛋 Care Bears軟綿綿玩偶吊飾,https://img.slimetoy.com.tw/products/01K84V88BTCC1DMAJ58XY4B86N.jpg,https://slimetoy.com.tw/gacha/detail/325,轉蛋,250.0,
轉蛋 藍色監獄公仔RICH 跟星星一起P2,https://img.slimetoy.com.tw/products/01K84TBM2T2TAXJMECZYKM3CB5.jpg,https://slimetoy.com.tw/gacha/detail/324,轉蛋,185.0,
轉蛋 我家毛孩透明吊飾,https://img.slimetoy.com.tw/products/01K82X2X2X0K2ETN6NP8ZSTMAR.jpg,https://slimetoy.com.tw/gacha/detail/320,轉蛋,150.0,
轉蛋 三麗鷗角色鈴鐺玩偶吊飾 小花Ver.,https://img.slimetoy.com.tw/products/01K7ZPZDFQX3GH0XXG1YNPV5BD.jpg,https://slimetoy.com.tw/gacha/detail/319,轉蛋,200.0,
轉蛋 JOJO的奇幻冒險RE公仔P4,https://img.slimetoy.com.tw/products/01K7ZPQNPD4AEK2423392AB8ZE.jpg,https://slimetoy.com.tw/gacha/detail/318,轉蛋,200.0,
轉蛋 GASHAPON轉蛋機造型吊飾,https://img.slimetoy.com.tw/products/01K7ZP1W9Y6J8E563X9C05T9VR.jpg,https://slimetoy.com.tw/gacha/detail/316,轉蛋,150.0,
轉蛋 顏轉生,https://img.slimetoy.com.tw/products/01K7ZNDGM840RV59F965F4D72G.png,https://slimetoy.com.tw/gacha/detail/315,轉蛋,150.0,
轉蛋 三麗鷗HAPIDANBUI睡袋造型吊飾,https://img.slimetoy.com.tw/products/01K7ZMXKFARAJDB1X27KD44HB6.jpg,https://slimetoy.com.tw/gacha/detail/314,轉蛋,135.0,
轉蛋 天使與惡魔的低語造型耳塞,https://img.slimetoy.com.tw/products/01K7ZMAVT62492W8V0PRJ9HKVV.jpg,https://slimetoy.com.tw/gacha/detail/313,轉蛋,100.0,
轉蛋 等待中葬送的芙莉蓮,https://img.slimetoy.com.tw/products/01K7ZKH1MYMSSFKA98X1XCKZGR.jpg,https://slimetoy.com.tw/gacha/detail/312,轉蛋,200.0,
轉蛋 捕獲魔物獵人公仔 亞種●稀少種,https://img.slimetoy.com.tw/products/01K7ND596JQFJETVBR0KNNQAT9.jpg,https://slimetoy.com.tw/gacha/detail/308,轉蛋,225.0,
轉蛋 等待中扭蛋P2,https://img.slimetoy.com.tw/products/01K7NC5331F843K7JDJ8G58YTZ.jpg,https://slimetoy.com.tw/gacha/detail/307,轉蛋,150.0,
轉蛋 小魔女DOREMI迷你發光道具P2,https://img.slimetoy.com.tw/products/01K7NBHXZ2G69T87K97XCB629Z.jpg,https://slimetoy.com.tw/gacha/detail/306,轉蛋,200.0,
轉蛋 (大球)寶可夢扭蛋公仔P4,https://img.slimetoy.com.tw/products/01K7NA4F6YHG2ER4EXFB1F2PMZ.jpg,https://slimetoy.com.tw/gacha/detail/305,轉蛋,200.0,
轉蛋 Pop-Up 吐司機,https://img.slimetoy.com.tw/products/01K6Z1H0KP1QTFRM4H9QJ01NED.jpg,https://slimetoy.com.tw/gacha/detail/291,轉蛋,100.0,
轉蛋 三麗鷗角色百匯香氣絨毛吊飾,https://img.slimetoy.com.tw/products/01K6Z03DH9MTZCTTAPS1K1AVD3.jpg,https://slimetoy.com.tw/gacha/detail/290,轉蛋,200.0,
轉蛋 迪士尼好夥伴公仔吊飾,https://img.slimetoy.com.tw/products/01K6Y77W5BB44ZZXM6S52QHKYG.jpg,https://slimetoy.com.tw/gacha/detail/289,轉蛋,185.0,
轉蛋 迪士尼Funny Time公仔p3,https://img.slimetoy.com.tw/products/01K6Y6R0EA01NJSPG651PR3PVG.jpg,https://slimetoy.com.tw/gacha/detail/288,轉蛋,185.0,
轉蛋 蠟筆小新捏捏公仔吊飾,https://img.slimetoy.com.tw/products/01K6Y5ZA434TN04JBNE6N01S02.jpg,https://slimetoy.com.tw/gacha/detail/287,轉蛋,185.0,
轉蛋 貓福珊迪造型吊飾p3,https://img.slimetoy.com.tw/products/01K6X5E3KY3RQVVWM63B2JN3DF.jpeg,https://slimetoy.com.tw/gacha/detail/286,轉蛋,135.0,
轉蛋 日曬動物,https://img.slimetoy.com.tw/products/01K6X4Q7VT3XNGBX33TQEMDV1R.jpeg,https://slimetoy.com.tw/gacha/detail/285,轉蛋,135.0,
轉蛋 排球少年 x MIKASA 角色搖搖吊飾,https://img.slimetoy.com.tw/products/01K6X4BSZZ1330B7QKBXGDG7AY.jpeg,https://slimetoy.com.tw/gacha/detail/284,轉蛋,185.0,
一番賞 潮玩賞 最新Dyson supersonic r™ HD17 精準造型 輕量吹風機,https://img.slimetoy.com.tw/products/01KCP512X6DQJWQGQNQ5Q50V2J.jpg,https://slimetoy.com.tw/ichiban/detail/283,一番賞,199.0,99.0
盒玩 史努比藝術裝飾框收藏,https://img.slimetoy.com.tw/products/01K6HNFSKA35SSGCAHXTESD30H.jpg,https://slimetoy.com.tw/blindbox/detail/278,盒玩,300.0,
盒玩 野獸國 馴龍高手系列盲盒,https://img.slimetoy.com.tw/products/01K6HAKYBRFVM965VM753VENPB.jpg,https://slimetoy.com.tw/blindbox/detail/277,盒玩,399.0,
轉蛋 湯姆貓與傑利鼠桑拿公仔,https://img.slimetoy.com.tw/products/01K6H9H1SWR3YB8C31JDHBY8XP.jpg,https://slimetoy.com.tw/gacha/detail/276,轉蛋,185.0,
轉蛋 膽大黨等待中公仔,https://img.slimetoy.com.tw/products/01K6ESX2ES7XNJAWVNMH5PSYM5.jpg,https://slimetoy.com.tw/gacha/detail/275,轉蛋,215.0,
轉蛋 米飛兔70周年公仔,https://img.slimetoy.com.tw/products/01K6ES8TRV9S3VDXCMV5MBESJX.jpg,https://slimetoy.com.tw/gacha/detail/274,轉蛋,185.0,
轉蛋 等待中發光攤販美食,https://img.slimetoy.com.tw/products/01K6ERT32HKPT24KJ5F1G75CNR.jpg,https://slimetoy.com.tw/gacha/detail/273,轉蛋,185.0,
轉蛋 航海王音效吊飾,https://img.slimetoy.com.tw/products/01K6EQYV6E612GE7180QTP7TB8.jpg,https://slimetoy.com.tw/gacha/detail/272,轉蛋,200.0,
轉蛋 人魚漢頓40周年小物包,https://img.slimetoy.com.tw/products/01K6CG9NTAYH2SPR75FEVFBDDK.jpg,https://slimetoy.com.tw/gacha/detail/269,轉蛋,120.0,
轉蛋 庫洛魔法使造型吊飾p2,https://img.slimetoy.com.tw/products/01K5T4JCRTXM0KF7XPD6EJ476S.png,https://slimetoy.com.tw/gacha/detail/259,轉蛋,125.0,
盒玩 迪士尼明星角色躲貓貓,https://img.slimetoy.com.tw/products/01K5S6MG4TN36QWEW495WQHRKA.jpg,https://slimetoy.com.tw/blindbox/detail/258,盒玩,350.0,
轉蛋 三麗鷗角色泳池風格小物包P2,https://img.slimetoy.com.tw/products/01K5RB5Z53WR8JD5C3SA51JZWC.png,https://slimetoy.com.tw/gacha/detail/257,轉蛋,125.0,
一番賞 潮玩賞 PlayStation® 5數位版－30週年限量版組合包,https://img.slimetoy.com.tw/products/01KCP54ZPB5DM4S3WMVAW4ERKW.jpg,https://slimetoy.com.tw/ichiban/detail/253,一番賞,390.0,349.0
轉蛋 機動戰士鋼彈造型吊飾,https://img.slimetoy.com.tw/products/01K5DYF7Q18DEX8NKW5PHYNKB5.png,https://slimetoy.com.tw/gacha/detail/251,轉蛋,185.0,
轉蛋 三麗鷗小惡魔吊飾,https://img.slimetoy.com.tw/products/01K5DXSKM7E7QJZKTEW6NWY7FM.png,https://slimetoy.com.tw/gacha/detail/250,轉蛋,120.0,
轉蛋 數碼寶貝大冒險造型吊飾,https://img.slimetoy.com.tw/products/01K5D8R7H9YJHA9E2S8SNHKNST.png,https://slimetoy.com.tw/gacha/detail/248,轉蛋,120.0,
轉蛋 JOJO的奇幻冒險RE公仔P3,https://img.slimetoy.com.tw/products/01K5D7Y0V25WV5EQYK78C0PRV8.png,https://slimetoy.com.tw/gacha/detail/247,轉蛋,200.0,
轉蛋 鋼之煉金術師角色模型,https://img.slimetoy.com.tw/products/01K5D7D95KMBK46F1KTEX0KFFD.png,https://slimetoy.com.tw/gacha/detail/246,轉蛋,200.0,
盒玩 線條小狗-浪漫櫻花系列,https://img.slimetoy.com.tw/products/01K5B234QFP5ZTC6FN1CPWFBYM.png,https://slimetoy.com.tw/blindbox/detail/245,盒玩,300.0,
轉蛋 Eye of Fire 公仔,https://img.slimetoy.com.tw/products/01K58W8XZ5B6PTG7RXY2PXVA6J.png,https://slimetoy.com.tw/gacha/detail/242,轉蛋,200.0,
轉蛋 動物森友會水晶球,https://img.slimetoy.com.tw/products/01K583FJB7D3TMFX15QZPZE8KY.png,https://slimetoy.com.tw/gacha/detail/241,轉蛋,185.0,
轉蛋 星際寶貝沐浴公仔,https://img.slimetoy.com.tw/products/01K58350TTPAHQH532T8V0R50A.png,https://slimetoy.com.tw/gacha/detail/240,轉蛋,120.0,
轉蛋 小鳥國王公仔,https://img.slimetoy.com.tw/products/01K582MHE35R2NDTTZ8CZQSK60.png,https://slimetoy.com.tw/gacha/detail/239,轉蛋,100.0,
轉蛋 寶可夢睡眠公仔 一起進入夢鄉,https://img.slimetoy.com.tw/products/01K582AVVSPF57VHFTV3ZQ71H7.png,https://slimetoy.com.tw/gacha/detail/238,轉蛋,100.0,
轉蛋 迪士尼瑜珈公仔,https://img.slimetoy.com.tw/products/01K55JX7G6XVXBCFFK6N631YX7.jpg,https://slimetoy.com.tw/gacha/detail/237,轉蛋,185.0,
轉蛋 精靈寶可夢公仔吊飾 天空的飛翔,https://img.slimetoy.com.tw/products/01K55J2AEYKVKT1TVYX5ZKSQCP.png,https://slimetoy.com.tw/gacha/detail/236,轉蛋,100.0,
轉蛋 PS5 DualSense無限手把吊飾,https://img.slimetoy.com.tw/products/01K55HJD4FZ7VR4AYPTZRHDZZR.jpg,https://slimetoy.com.tw/gacha/detail/235,轉蛋,100.0,
轉蛋 排球少年 x 三麗鷗 迷你絨毛吊偶 vol.3,https://img.slimetoy.com.tw/products/01K4YGQA6RBJ6CT0HN8ABQ1YBN.jpg,https://slimetoy.com.tw/gacha/detail/234,轉蛋,299.0,
轉蛋 排球少年 x 三麗鷗 迷你絨毛吊偶 vol.2,https://img.slimetoy.com.tw/products/01K4YCJSZGZND8ARJSKBVDD9X6.jpg,https://slimetoy.com.tw/gacha/detail/233,轉蛋,299.0,
轉蛋 排球少年 x 三麗鷗 迷你絨毛吊偶 vol.1,https://img.slimetoy.com.tw/products/01K4YC9FGX8A2HEWQX51NCP42W.jpg,https://slimetoy.com.tw/gacha/detail/232,轉蛋,299.0,
轉蛋 喵喊,https://img.slimetoy.com.tw/products/01K4XZY3DRQ5BN6V5GJ2A6RRV0.png,https://slimetoy.com.tw/gacha/detail/231,轉蛋,100.0,
轉蛋 防風少年角色模型,https://img.slimetoy.com.tw/products/01K4XS4BFJZ09AEWBWV6J7XTZ4.jpg,https://slimetoy.com.tw/gacha/detail/229,轉蛋,185.0,
轉蛋 時代劇貓咪造型公仔P2,https://img.slimetoy.com.tw/products/01K639ZFGPZMXXC4D5Z8JX9B7T.png,https://slimetoy.com.tw/gacha/detail/227,轉蛋,120.0,
轉蛋 正在變成液體貓公仔,https://img.slimetoy.com.tw/products/01K6339KV5HQ6PKBW6EGG9B04W.png,https://slimetoy.com.tw/gacha/detail/226,轉蛋,100.0,
盒玩 Re-Ment 寶可夢森林小物語P2 寧靜的時刻,https://img.slimetoy.com.tw/products/01K63H3768NY89MDPBZ5CQHVQS.jpg,https://slimetoy.com.tw/blindbox/detail/223,盒玩,300.0,
盒玩 Re-Ment 寶可夢Night Night系列收藏,https://img.slimetoy.com.tw/products/01K4EF2ND10N2Y83SSE886VEBB.jpg,https://slimetoy.com.tw/blindbox/detail/222,盒玩,300.0,
盒玩 Re-Ment 寶可夢 和之窗景品組,https://img.slimetoy.com.tw/products/01K63HGS71S798EH1KBAY8M2Z4.jpg,https://slimetoy.com.tw/blindbox/detail/221,盒玩,300.0,
盒玩 Re-Ment 史努比螺旋立體場景,https://img.slimetoy.com.tw/products/01K63H8S97P34FT81E252QWBRS.jpg,https://slimetoy.com.tw/blindbox/detail/220,盒玩,300.0,
轉蛋 機動戰士鋼彈扭蛋INDEX 1,https://img.slimetoy.com.tw/products/01K62TZSS63Z4RQ1A6126904ZZ.png,https://slimetoy.com.tw/gacha/detail/218,轉蛋,180.0,
轉蛋 迷你發光監視器造型磁鐵,https://img.slimetoy.com.tw/products/01K60TXEXYSFHY2S3VTF5P1FM7.png,https://slimetoy.com.tw/gacha/detail/217,轉蛋,100.0,
轉蛋 祭祀彩券神龕,https://img.slimetoy.com.tw/products/01K60V2PBFMXAC1Y8SBJW4T2NR.png,https://slimetoy.com.tw/gacha/detail/215,轉蛋,100.0,
轉蛋 飲料販賣機模型 圖樣篇,https://img.slimetoy.com.tw/products/01K632JF19XYM1BWHXAFW6HKY8.png,https://slimetoy.com.tw/gacha/detail/214,轉蛋,120.0,
轉蛋 OLGA GOOSE CANDLE公仔,https://img.slimetoy.com.tw/products/01K62WRFFMDWAB7JMFFBRGZR5N.png,https://slimetoy.com.tw/gacha/detail/213,轉蛋,165.0,
轉蛋 蠟筆小新肥嘟嘟佐衛門植絨公仔,https://img.slimetoy.com.tw/products/01K62TAT9SEG6R8AW42T148XE9.png,https://slimetoy.com.tw/gacha/detail/212,轉蛋,180.0,
轉蛋 旅行的壽司吊飾,https://img.slimetoy.com.tw/products/01K62TF82E56MGV5NGTVFTN4P2.png,https://slimetoy.com.tw/gacha/detail/211,轉蛋,125.0,
轉蛋 迪士尼星星造型角色吊飾,https://img.slimetoy.com.tw/products/01K6394TECAAJ1N4C2W7NJJKM5.png,https://slimetoy.com.tw/gacha/detail/210,轉蛋,180.0,
轉蛋 精靈寶可夢串聯吊飾P13,https://img.slimetoy.com.tw/products/01K62T09ERAAVQMB60SKN1K2EE.png,https://slimetoy.com.tw/gacha/detail/209,轉蛋,125.0,
轉蛋 獵人HUNTERxHUNTER軟膠吊飾P6,https://img.slimetoy.com.tw/products/01K62S5D2J1PXYBX02APZEDRA3.png,https://slimetoy.com.tw/gacha/detail/208,轉蛋,125.0,
轉蛋 飛天掃帚,https://img.slimetoy.com.tw/products/01K62Y67X9HYW9QVNSERCCR8V0.png,https://slimetoy.com.tw/gacha/detail/207,轉蛋,100.0,
轉蛋 台灣模型吊飾,https://img.slimetoy.com.tw/products/01K50M09CP3Q63X4TZD953VZX2.jpg,https://slimetoy.com.tw/gacha/detail/206,轉蛋,120.0,
轉蛋 史努比歷年包裝吊飾,https://img.slimetoy.com.tw/products/01K60VN19TN51XEWZ8CB90A4D1.png,https://slimetoy.com.tw/gacha/detail/204,轉蛋,180.0,
轉蛋 等待中夜間小酌,https://img.slimetoy.com.tw/products/01K62XG4VPSYZAG95HTF7M1W7K.png,https://slimetoy.com.tw/gacha/detail/203,轉蛋,125.0,
轉蛋 等待中學園偶像大師,https://img.slimetoy.com.tw/products/01K62V2WX6KRVKXN74QTZPE2Q7.png,https://slimetoy.com.tw/gacha/detail/202,轉蛋,180.0,
轉蛋 等待中恐龍,https://img.slimetoy.com.tw/products/01K62T4AKAAN6GF3VNKK4CD6JG.png,https://slimetoy.com.tw/gacha/detail/201,轉蛋,125.0,
轉蛋 拉拉熊海底生物公仔燈,https://img.slimetoy.com.tw/products/01K62W3P3ERT9GCPE71RWXKZKS.png,https://slimetoy.com.tw/gacha/detail/200,轉蛋,120.0,
轉蛋 小熊維尼扮裝公仔P3,https://img.slimetoy.com.tw/products/01K62T746XG2Q05MHKJSPG7RRT.png,https://slimetoy.com.tw/gacha/detail/198,轉蛋,120.0,
轉蛋 貓咪收集2造型吊飾,https://img.slimetoy.com.tw/products/01K62VWKE4VMGME29XXF2RSRQS.png,https://slimetoy.com.tw/gacha/detail/197,轉蛋,125.0,
轉蛋 史努比捏捏麵包吊飾,https://img.slimetoy.com.tw/products/01K62SPMAJB37A00VAKARXBTX7.png,https://slimetoy.com.tw/gacha/detail/196,轉蛋,125.0,
轉蛋 三麗鷗南極公仔,https://img.slimetoy.com.tw/products/01K62WCKG6660TB5JP6V6S9PAD.png,https://slimetoy.com.tw/gacha/detail/195,轉蛋,125.0,
轉蛋 三麗鷗妖怪造型公仔,https://img.slimetoy.com.tw/products/01K62XJS1NGJMNW8X367PADND1.png,https://slimetoy.com.tw/gacha/detail/193,轉蛋,125.0,
轉蛋 三麗鷗角色手杖,https://img.slimetoy.com.tw/products/01K62VMHQ4PMDEFA4G1ZEM2MX4.png,https://slimetoy.com.tw/gacha/detail/192,轉蛋,165.0,
盒玩 WCF HUNTERXHUNTER 獵人試驗篇,https://img.slimetoy.com.tw/products/01K63HT7Q4C5PY9JGY80NF0PFZ.png,https://slimetoy.com.tw/blindbox/detail/191,盒玩,300.0,
轉蛋 魔法藥水黏漿,https://img.slimetoy.com.tw/products/01K62XV04W2EPF6ZY1P12NBFKS.png,https://slimetoy.com.tw/gacha/detail/190,轉蛋,100.0,
轉蛋 對錯聲響按鈕P3,https://img.slimetoy.com.tw/products/01K630X4DEWTY5YC21NQVMN72B.png,https://slimetoy.com.tw/gacha/detail/188,轉蛋,120.0,
轉蛋 銀喉長尾山雀小巧吊飾P2,https://img.slimetoy.com.tw/products/01K638ZFPG8HJA4WPD3QB81DGQ.png,https://slimetoy.com.tw/gacha/detail/187,轉蛋,100.0,
轉蛋 精靈寶可夢 玩具水槍,https://img.slimetoy.com.tw/products/01K3ZYW855ES90R6KZC6MEN4SS.jpg,https://slimetoy.com.tw/gacha/detail/186,轉蛋,95.0,
轉蛋 SIROCARA融化冰淇淋,https://img.slimetoy.com.tw/products/01K638WP7032T23SDFCTVSQHXB.png,https://slimetoy.com.tw/gacha/detail/185,轉蛋,100.0,
轉蛋 日本鳥居模型系列,https://img.slimetoy.com.tw/products/01K631FVYQ7VTPRNFRSW2C0NE2.png,https://slimetoy.com.tw/gacha/detail/184,轉蛋,100.0,
轉蛋 Care Bears造型小夜燈,https://img.slimetoy.com.tw/products/01K3T4TF783JR9K2QR7088VXS8.jpg,https://slimetoy.com.tw/gacha/detail/183,轉蛋,120.0,
轉蛋 捏捏軟軟米飛兔,https://img.slimetoy.com.tw/products/01K62YJ5WQ33BEGSMQF34YM7TC.png,https://slimetoy.com.tw/gacha/detail/182,轉蛋,100.0,
轉蛋 不想走柴犬造型吊飾P2,https://img.slimetoy.com.tw/products/01K60SNDF9G0ARXAS7W2CBR5E0.png,https://slimetoy.com.tw/gacha/detail/181,轉蛋,100.0,
轉蛋 鬼滅之刃坐姿公仔 無限城P1,https://img.slimetoy.com.tw/products/01K4WVKBSPQF22XVEVXQJYPB8X.jpg,https://slimetoy.com.tw/gacha/detail/180,轉蛋,200.0,
轉蛋 精靈寶可夢 大家的卡比獸篇,https://img.slimetoy.com.tw/products/01K60V5NAZEYSMVXC4M3W7TNBS.png,https://slimetoy.com.tw/gacha/detail/179,轉蛋,100.0,
轉蛋 當個創世神大尺寸軟膠公仔,https://img.slimetoy.com.tw/products/01K62WA17VZDHCMRSTDN7M8SD3.png,https://slimetoy.com.tw/gacha/detail/177,轉蛋,185.0,
盒玩 SOFBITS 航海王盒玩,https://img.slimetoy.com.tw/products/01K63G4VPAY82B1ME9V5AHE1EE.jpg,https://slimetoy.com.tw/blindbox/detail/176,盒玩,120.0,
轉蛋 西村裕二好心情熊貓扁扁公仔吊飾,https://img.slimetoy.com.tw/products/01K62VBTNN7VQZXTK7F6HE6VB6.png,https://slimetoy.com.tw/gacha/detail/175,轉蛋,100.0,
轉蛋 史迪奇桌上辦公小物公仔,https://img.slimetoy.com.tw/products/01K60V9KK6VPAZ8AW8RMSDFBRZ.png,https://slimetoy.com.tw/gacha/detail/173,轉蛋,100.0,
轉蛋 貓死神桑,https://img.slimetoy.com.tw/products/01K62WFJMRA5NPEHK8J7R5F8DG.png,https://slimetoy.com.tw/gacha/detail/172,轉蛋,150.0,
轉蛋 吉伊卡哇雨衣晴天娃娃BIG絨毛玩偶,https://img.slimetoy.com.tw/products/01K62ZQN84B6CER0KKW86XFSDM.png,https://slimetoy.com.tw/gacha/detail/170,轉蛋,595.0,
一番賞 《hololive》 ～Wedding Dress Style～(代理版),https://img.slimetoy.com.tw/products/01KCP5F9MD0WWM2KJHAGY23D3X.jpg,https://slimetoy.com.tw/ichiban/detail/169,一番賞,335.0,
一番賞 《航海王》The Throne of Power (代理版),https://img.slimetoy.com.tw/products/01KCP5GD882WZEPMTWR6CY8JF4.jpg,https://slimetoy.com.tw/ichiban/detail/168,一番賞,345.0,300.0
一番賞 《Re:從零開始的異世界生活》I will remember this day. (代理版),https://img.slimetoy.com.tw/products/01KCP5J7CX2V9SMRZQXMBW2642.jpg,https://slimetoy.com.tw/ichiban/detail/167,一番賞,385.0,300.0
轉蛋 HG歷代假面騎士P3,https://img.slimetoy.com.tw/products/01K62VGTA56TWZ57QD2A5ZYWK7.png,https://slimetoy.com.tw/gacha/detail/164,轉蛋,200.0,
轉蛋 蠟筆小新角色造型車P3,https://img.slimetoy.com.tw/products/01K631KMA4F9K4HJF19SP1ETGZ.png,https://slimetoy.com.tw/gacha/detail/163,轉蛋,200.0,
轉蛋 星之卡比探索發現 遊戲扭蛋公仔P6,https://img.slimetoy.com.tw/products/01K6303AKBTDQYTGMAG5R5S47C.png,https://slimetoy.com.tw/gacha/detail/162,轉蛋,165.0,
轉蛋 蠟筆小新角色造型吊飾P3,https://img.slimetoy.com.tw/products/01K62VQEN1W3KSXDJ7D6R7QDMQ.png,https://slimetoy.com.tw/gacha/detail/161,轉蛋,120.0,
轉蛋 航海王沮喪魂公仔吊飾,https://img.slimetoy.com.tw/products/01K62VTGEX8BADV0V0JP4RN2VS.png,https://slimetoy.com.tw/gacha/detail/158,轉蛋,200.0,
轉蛋 三麗鷗可動公仔,https://img.slimetoy.com.tw/products/01K62WN30EM9RSKHC2GKE5T5DG.png,https://slimetoy.com.tw/gacha/detail/157,轉蛋,185.0,
轉蛋 三麗鷗渡假中公仔,https://img.slimetoy.com.tw/products/01K62SECG7PSQ62D9YMMSZNNVA.png,https://slimetoy.com.tw/gacha/detail/156,轉蛋,120.0,
轉蛋 三麗鷗人魚吊飾,https://img.slimetoy.com.tw/products/01K62XMZHWACVQRRHJC87SC8J5.png,https://slimetoy.com.tw/gacha/detail/154,轉蛋,120.0,
轉蛋 藍色監獄睡眠公仔,https://img.slimetoy.com.tw/products/01K62VZJEE5NSX7NXKPYGC4DCQ.png,https://slimetoy.com.tw/gacha/detail/152,轉蛋,185.0,
轉蛋 迷你金屬探測器,https://img.slimetoy.com.tw/products/01K2GH1EENWAAQ7ZBQMXS7ZCHJ.png,https://slimetoy.com.tw/gacha/detail/150,轉蛋,120.0,
轉蛋 身心舒暢公仔,https://img.slimetoy.com.tw/products/01K62ZZWE7JHQ6PHDJ5HVK6QJK.png,https://slimetoy.com.tw/gacha/detail/149,轉蛋,100.0,
轉蛋 1/64PLUS APIO JIMNY JB23,https://img.slimetoy.com.tw/products/01K638SCY5S2BRVAKHT4K6H2P5.png,https://slimetoy.com.tw/gacha/detail/148,轉蛋,150.0,
轉蛋 藍色監獄公仔RICH 跟星星一起P1,https://img.slimetoy.com.tw/products/01K635QVJ7FKS1RQJAPS31K2PQ.png,https://slimetoy.com.tw/gacha/detail/147,轉蛋,150.0,
轉蛋 五等分的新娘公仔RICH Radiant ver,https://img.slimetoy.com.tw/products/01K2ET6GY97VXTQ8AY8C3BF0AW.jpg,https://slimetoy.com.tw/gacha/detail/146,轉蛋,150.0,
轉蛋 Pingu 企鵝家族公仔吊飾,https://img.slimetoy.com.tw/products/01K631SNR1WKPN6R39K9P38855.png,https://slimetoy.com.tw/gacha/detail/143,轉蛋,120.0,
轉蛋 酩酊大醉威士忌,https://img.slimetoy.com.tw/products/01K2ERR18B952EGX3SGQEWWS7N.jpg,https://slimetoy.com.tw/gacha/detail/142,轉蛋,120.0,
轉蛋 Keroro軍曹寶寶愛睏公仔,https://img.slimetoy.com.tw/products/01K638K817YFESX18TXY921P1Y.png,https://slimetoy.com.tw/gacha/detail/140,轉蛋,150.0,
轉蛋 NANASHI 小幽靈公仔,https://img.slimetoy.com.tw/products/01K62S1HX62C6N34BN0H8D9ZMV.png,https://slimetoy.com.tw/gacha/detail/139,轉蛋,120.0,
轉蛋 炸蝦動物公仔,https://img.slimetoy.com.tw/products/01K62TWBQGKW02YF08X3EX5MDJ.png,https://slimetoy.com.tw/gacha/detail/138,轉蛋,100.0,
轉蛋 三麗鷗角色時鐘,https://img.slimetoy.com.tw/products/01K62YRD8ZG06RMT3T0YW6S7YN.png,https://slimetoy.com.tw/gacha/detail/137,轉蛋,150.0,
轉蛋 才不會輸給風的公仔們P3,https://img.slimetoy.com.tw/products/01K4WVMES8GB043F132QEB72N3.jpg,https://slimetoy.com.tw/gacha/detail/136,轉蛋,120.0,
轉蛋 付喪垃圾 惡魔parupi,https://img.slimetoy.com.tw/products/01K630T0N8Q6PBZJQP86DXBBT6.png,https://slimetoy.com.tw/gacha/detail/135,轉蛋,120.0,
轉蛋 當個創世神造型扭蛋P3,https://img.slimetoy.com.tw/products/01K62YMRKKXW5E666DJ5ZPJY0G.png,https://slimetoy.com.tw/gacha/detail/134,轉蛋,200.0,
轉蛋 迪士尼抱緊公仔,https://img.slimetoy.com.tw/products/01K62SBF6N11CKDC1WPZN9ZAWQ.png,https://slimetoy.com.tw/gacha/detail/132,轉蛋,120.0,
轉蛋 精靈寶可夢夏日公仔P4,https://img.slimetoy.com.tw/products/01K62SGDVXXR64JD39VQ6EGQ1J.png,https://slimetoy.com.tw/gacha/detail/131,轉蛋,100.0,
轉蛋 誘惑的BODY肉肉貓吊飾,https://img.slimetoy.com.tw/products/01K631Q3AQZCYPHSDR7G6DK24R.png,https://slimetoy.com.tw/gacha/detail/129,轉蛋,120.0,
轉蛋 蠟筆小新火車遊戲公仔,https://img.slimetoy.com.tw/products/01K62XQ768RRRAFD5HPAZSDCCC.png,https://slimetoy.com.tw/gacha/detail/128,轉蛋,185.0,
轉蛋 電影場景劇院P2 皮克斯篇,https://img.slimetoy.com.tw/products/01K62V9PKMZSR3VNCK5GRM8W37.png,https://slimetoy.com.tw/gacha/detail/127,轉蛋,200.0,
轉蛋 精靈寶可夢串聯吊飾P12,https://img.slimetoy.com.tw/products/01K62TJYG4V0HSGJJ1SWQEQSK2.png,https://slimetoy.com.tw/gacha/detail/126,轉蛋,150.0,
轉蛋 變種吉娃娃 吉怪動物,https://img.slimetoy.com.tw/products/01K60TG2290FCB5NVG42XJ8Q8T.png,https://slimetoy.com.tw/gacha/detail/125,轉蛋,120.0,
盒玩 Re-Ment 蠟筆小新-睡衣之晚,https://img.slimetoy.com.tw/products/01K63F5J39SF3KKZDACNYP8P4K.jpg,https://slimetoy.com.tw/blindbox/detail/124,盒玩,250.0,
盒玩 Re-Ment 星之卡比的噗噗咖啡時光,https://img.slimetoy.com.tw/products/01K23P4MZ7214XTGAMZ1JREPV5.jpg,https://slimetoy.com.tw/blindbox/detail/123,盒玩,225.0,
盒玩 Re-Ment 星之卡比盆景品-夢之泉篇,https://img.slimetoy.com.tw/products/01K23NJ5QHSYAM5BZG6Q6WDN6V.jpg,https://slimetoy.com.tw/blindbox/detail/122,盒玩,295.0,
盒玩 Re-Ment 蠟筆小新滿足點心派對,https://img.slimetoy.com.tw/products/01K23N1N838ERP9060993Z5Y6T.png,https://slimetoy.com.tw/blindbox/detail/121,盒玩,250.0,
盒玩 寶可夢寶貝球盆景品p15,https://img.slimetoy.com.tw/products/01K63GFR1DPH8P6MD8R41MG0PZ.png,https://slimetoy.com.tw/blindbox/detail/120,盒玩,360.0,
盒玩 蠟筆小新盆景品P2-喧鬧的日常篇,https://img.slimetoy.com.tw/products/01K213GKMZ3EF5P3DDRH44EGC4.jpg,https://slimetoy.com.tw/blindbox/detail/119,盒玩,300.0,
盒玩 petadoll HUNTER×HUNTER獵人 友克鑫篇,https://img.slimetoy.com.tw/products/01K212YNKTJMQRBE5SYJAA4Y6X.jpg,https://slimetoy.com.tw/blindbox/detail/118,盒玩,220.0,
轉蛋 蠑螈透明軟膠公仔,https://img.slimetoy.com.tw/products/01K62X4FK84VE0HJKZH92N6KJJ.png,https://slimetoy.com.tw/gacha/detail/117,轉蛋,120.0,
轉蛋 夜光銀喉長尾山雀公仔,https://img.slimetoy.com.tw/products/01K632EN6G6RY8F5RB6T7RAQK4.png,https://slimetoy.com.tw/gacha/detail/116,轉蛋,120.0,
轉蛋 小巧九尾狐陪伴吊飾,https://img.slimetoy.com.tw/products/01K6326PZRTXBW2SA0115ZA1ZB.png,https://slimetoy.com.tw/gacha/detail/115,轉蛋,120.0,
盒玩 星之卡比好朋友 第五彈,https://img.slimetoy.com.tw/products/01K1VZYF81XRZ2C4DV0VNSYM7H.jpg,https://slimetoy.com.tw/blindbox/detail/114,盒玩,175.0,
盒玩 機動物P2,https://img.slimetoy.com.tw/products/01K1SDAR3XY7BDVFN2EV4QVRDJ.jpg,https://slimetoy.com.tw/blindbox/detail/113,盒玩,150.0,
盒玩 超級瑪利歐系列 吊飾收藏,https://img.slimetoy.com.tw/products/01K0XFZ9F0Y6M01ZPV7YGC2P74.jpg,https://slimetoy.com.tw/blindbox/detail/107,盒玩,150.0,
轉蛋 拉拉熊恐龍裝造型吊飾,https://img.slimetoy.com.tw/products/01K62V65HA8S6S7CN6DD1FCSGZ.png,https://slimetoy.com.tw/gacha/detail/104,轉蛋,100.0,
轉蛋 咒術迴戰角色公仔06,https://img.slimetoy.com.tw/products/01K62SWJ0JNPD37R6D6VEKSRFP.png,https://slimetoy.com.tw/gacha/detail/102,轉蛋,200.0,
轉蛋 侏儸紀公園暴龍公仔,https://img.slimetoy.com.tw/products/01K60VYQVGAE46E9GS3KVE91ZZ.png,https://slimetoy.com.tw/gacha/detail/101,轉蛋,120.0,
盒玩 TOBIMAS 三麗鷗明星 旅行系列,https://img.slimetoy.com.tw/products/01K63GWY5Y1NZFBN6FTT7K22QD.png,https://slimetoy.com.tw/blindbox/detail/98,盒玩,315.0,
盒玩 模型零件吊飾盲盒-美樂蒂&酷洛米,https://img.slimetoy.com.tw/products/01K63ER0DDWVJ7QFNQ5PAY7VJH.jpg,https://slimetoy.com.tw/blindbox/detail/97,盒玩,300.0,
盒玩 三麗鷗解體拼圖盲盒-美樂蒂&酷洛米,https://img.slimetoy.com.tw/products/01K63E1FDRJES58M74G4V3BD6X.png,https://slimetoy.com.tw/blindbox/detail/96,盒玩,350.0,
盒玩 大耳狗Style Shop,https://img.slimetoy.com.tw/products/01K63A6HFCWG5JJC0QNNX4J6ZC.png,https://slimetoy.com.tw/blindbox/detail/94,盒玩,250.0,
轉蛋 迪士尼角色冰淇淋公仔,https://img.slimetoy.com.tw/products/01K6378ZGKE3EJVR65ZA8EBT5N.png,https://slimetoy.com.tw/gacha/detail/89,轉蛋,185.0,
轉蛋 「肌肉萬來」筋肉招財貓,https://img.slimetoy.com.tw/products/01K638FZ00JX87JETF3M2CTRQG.png,https://slimetoy.com.tw/gacha/detail/85,轉蛋,120.0,
轉蛋 小鳥的假期 - 不良鳥,https://img.slimetoy.com.tw/products/01K636PY3CTHWSF1NBRFGHMBZ5.png,https://slimetoy.com.tw/gacha/detail/79,轉蛋,120.0,
轉蛋 怪獸電力公司HAHAHA公仔,https://img.slimetoy.com.tw/products/01JY4JMGZSQWE05GYTD54Q8BAR.jpg,https://slimetoy.com.tw/gacha/detail/78,轉蛋,120.0,
轉蛋 吉伊卡哇討伐絨毛玩偶,https://img.slimetoy.com.tw/products/01JY1YCMAY8VJ5VQXDK50ZST8A.jpg,https://slimetoy.com.tw/gacha/detail/75,轉蛋,349.0,
轉蛋 魔髮奇緣躲貓貓公仔,https://img.slimetoy.com.tw/products/01JXZ7FSCTCC7FVHBATA8C08B9.jpg,https://slimetoy.com.tw/gacha/detail/73,轉蛋,120.0,
轉蛋 LED圓滾滾企鵝夜燈,https://img.slimetoy.com.tw/products/01K6333N7JAG749VVFQR0MV40F.png,https://slimetoy.com.tw/gacha/detail/71,轉蛋,150.0,
轉蛋 湯姆貓與傑利鼠就愛起司,https://img.slimetoy.com.tw/products/01K634VGC2TEYTBTND655GE5AG.png,https://slimetoy.com.tw/gacha/detail/68,轉蛋,100.0,
轉蛋 小熊維尼蜂蜜果凍公仔,https://img.slimetoy.com.tw/products/01JXKSHW81GHKXBQH9F5B4KM9S.jpg,https://slimetoy.com.tw/gacha/detail/66,轉蛋,120.0,
轉蛋 膽大黨睡眠公仔,https://img.slimetoy.com.tw/products/01K634BKSRQ5GDBNKHF4RQMCWN.png,https://slimetoy.com.tw/gacha/detail/63,轉蛋,120.0,
轉蛋 葬送的芙莉蓮角色公仔P2,https://img.slimetoy.com.tw/products/01JXJBKFGC5V6YYST4R1WEV149.jpg,https://slimetoy.com.tw/gacha/detail/62,轉蛋,200.0,
轉蛋 Sweet Home Cat,https://img.slimetoy.com.tw/products/01JXG1PKJDH2N13K90T85PTHM8.jpg,https://slimetoy.com.tw/gacha/detail/58,轉蛋,120.0,
轉蛋 排球少年Q版公仔吊飾 音駒高校,https://img.slimetoy.com.tw/products/01JXG0Q6P4NX410QKQHGJRECP9.jpg,https://slimetoy.com.tw/gacha/detail/57,轉蛋,120.0,
轉蛋 排球少年Q版公仔吊飾 烏野高校,https://img.slimetoy.com.tw/products/01JXG0JHY15NHPDBWQVBSTY0ZV.jpg,https://slimetoy.com.tw/gacha/detail/56,轉蛋,120.0,
轉蛋 排球少年睡眠公仔-新色篇,https://img.slimetoy.com.tw/products/01JXDC8MW46HCXJNR5MMY4X1X4.png,https://slimetoy.com.tw/gacha/detail/54,轉蛋,120.0,
盒玩 獵人HUNTER×HUNTER petadoll 選舉篇,https://img.slimetoy.com.tw/products/01JX9HKF1WZ9Y2ZP0GXSYGGJXA.jpg,https://slimetoy.com.tw/blindbox/detail/50,盒玩,210.0,
轉蛋 寶可夢Pokepeace甜蜜商店公仔P1,https://img.slimetoy.com.tw/products/01K63426148MGQZ5EMMAH067Q1.png,https://slimetoy.com.tw/gacha/detail/49,轉蛋,100.0,
轉蛋 排球少年Q版軟膠公仔 青葉城西&梟谷學園,https://img.slimetoy.com.tw/products/01JX9G7Z603TV9JHNYYKM9GGSS.jpg,https://slimetoy.com.tw/gacha/detail/48,轉蛋,120.0,
轉蛋 湯姆貓與傑利鼠抱緊緊公仔,https://img.slimetoy.com.tw/products/01K634ZREHB26CBJDN2AJB98W2.png,https://slimetoy.com.tw/gacha/detail/47,轉蛋,120.0,
一番賞 《尼爾：自動人形 Ver1.1a》放送記念賞2,https://img.slimetoy.com.tw/products/01KCP7QRRW6M804XWWK34T8BC2.jpg,https://slimetoy.com.tw/ichiban/detail/46,一番賞,320.0,
轉蛋 玩具總動員2躲貓貓公仔,https://img.slimetoy.com.tw/products/01K6388Q8FEXARPMBJ0F6A2QKG.png,https://slimetoy.com.tw/gacha/detail/45,轉蛋,120.0,
盒玩 奔跑吧!小新電影系列收藏,https://img.slimetoy.com.tw/products/01JWXZJZHG5FRRGDX41JSHFBYP.jpeg,https://slimetoy.com.tw/blindbox/detail/44,盒玩,260.0,
一番賞 《Lycoris Recoil 莉可麗絲》 第3彈,https://img.slimetoy.com.tw/products/01KCP79WHA5D1R5K11428P4ZYG.jpg,https://slimetoy.com.tw/ichiban/detail/43,一番賞,330.0,310.0
轉蛋 航海王角色帽子造型吊飾 POP風格,https://img.slimetoy.com.tw/products/01K63844KS3QXNMYETDCJQ2WBW.png,https://slimetoy.com.tw/gacha/detail/42,轉蛋,100.0,
轉蛋 蠟筆小新貓咪裝扮公仔,https://img.slimetoy.com.tw/products/01K637VX14FH97Z92Y0VQ2FH4K.png,https://slimetoy.com.tw/gacha/detail/41,轉蛋,150.0,
盒玩 史努比花圈收藏,https://img.slimetoy.com.tw/products/01JWSYDT6ECVR991EK98C8V5HA.jpg,https://slimetoy.com.tw/blindbox/detail/40,盒玩,300.0,
一番賞 《機動戰士鋼彈》GQuuuuuu vol.2,https://img.slimetoy.com.tw/products/01KCP5YZJFC0R39GJKA3NXJA74.jpg,https://slimetoy.com.tw/ichiban/detail/38,一番賞,350.0,315.0
轉蛋 TOMORROW X TOGETHER《CROWN 悠哉公仔》,https://img.slimetoy.com.tw/products/01K637N2XM7R8MKF3YZTXF435C.png,https://slimetoy.com.tw/gacha/detail/37,轉蛋,150.0,
轉蛋 米奇與好友電影公仔 功夫篇,https://img.slimetoy.com.tw/products/01K637E9BXQJ13ANBD1EXRRQZJ.png,https://slimetoy.com.tw/gacha/detail/36,轉蛋,120.0,
轉蛋 鯊魚罐頭,https://img.slimetoy.com.tw/products/01K632377V86J9P5F7W3M6WCHH.png,https://slimetoy.com.tw/gacha/detail/35,轉蛋,120.0,
轉蛋 小小滑板手,https://img.slimetoy.com.tw/products/01K632ZH55NPG23KFJQQWN8GAX.png,https://slimetoy.com.tw/gacha/detail/34,轉蛋,120.0,
盒玩 MINISO名創吉伊卡哇變臉公仔吊飾,https://img.slimetoy.com.tw/products/01JWNJTZ2CZ2JC5V6AXMHQNSKB.jpeg,https://slimetoy.com.tw/blindbox/detail/33,盒玩,300.0,
轉蛋 被遺棄的兔子娃娃吊飾-帶我回家篇,https://img.slimetoy.com.tw/products/01K62ZE1S12EKEKQXF7CXMW7Q5.png,https://slimetoy.com.tw/gacha/detail/32,轉蛋,150.0,
盒玩 M.C.P 火影忍者 火影招財貓 FORTUNE 再一次,https://img.slimetoy.com.tw/products/01JWJ7XX4672GE0B9XVPBQ8F2E.jpg,https://slimetoy.com.tw/blindbox/detail/27,盒玩,300.0,
轉蛋 Sharkitty公仔-鯊貓,https://img.slimetoy.com.tw/products/01K635C9NTCAR3GRTBZC61MDY5.png,https://slimetoy.com.tw/gacha/detail/25,轉蛋,120.0,
一番賞 AnyTime賞 《葬送的芙莉蓮》,https://img.slimetoy.com.tw/products/01KK4ZK0J76YDDBV7A5XXP3CDA.webp,https://slimetoy.com.tw/ichiban/detail/616,一番賞,420.0,365.0
一番賞 『期間限定』武士日本隊 x 三麗鷗角色,https://img.slimetoy.com.tw/products/01KK50BY5A6AH29MGE9X7JET09.webp,https://slimetoy.com.tw/ichiban/detail/613,一番賞,405.0,360.0
一番賞 『預購』滿滿的滿滿的吉伊（八月上旬出貨）,https://img.slimetoy.com.tw/products/01KJN7CZFV4XVR1VRP3XA64P82.webp,https://slimetoy.com.tw/ichiban/detail/611,一番賞,415.0,365.0
一番賞 潮玩賞 一番賞公仔大亂鬥 Part10,https://img.slimetoy.com.tw/products/01KHN7JMB4BSNQHJM1KJZH4VMS.jpg,https://slimetoy.com.tw/ichiban/detail/592,一番賞,249.0,199.0
一番賞 潮玩賞 一番賞公仔大亂鬥 Part9,https://img.slimetoy.com.tw/products/01KHGSA2QFH49AK1K7J1HKMGX1.jpg,https://slimetoy.com.tw/ichiban/detail/591,一番賞,249.0,199.0
一番賞 JoJo的奇妙冒險 不滅鑽石 -STAND RUSH!-,https://img.slimetoy.com.tw/products/01KHH4MB92J35PHJW41V1EXR5B.webp,https://slimetoy.com.tw/ichiban/detail/588,一番賞,395.0,360.0
一番賞 潮玩賞 魔人普烏大量來襲！,https://img.slimetoy.com.tw/products/01KHBW5QR7EXZAR93CVVPX9D9V.webp,https://slimetoy.com.tw/ichiban/detail/586,一番賞,350.0,175.0
一番賞 潮玩賞 一番賞公仔大亂鬥 Part8,https://img.slimetoy.com.tw/products/01KHAHV0401RHWVDP596MM9TZM.jpg,https://slimetoy.com.tw/ichiban/detail/585,一番賞,249.0,199.0
一番賞 潮玩賞 一番賞公仔大亂鬥 Part7,https://img.slimetoy.com.tw/products/01KGXV086ZBJ860KX8YHYY64CN.webp,https://slimetoy.com.tw/ichiban/detail/584,一番賞,249.0,199.0
一番賞 《吉伊卡哇》變成雪人啦！,https://img.slimetoy.com.tw/products/01KGWJ1Y3Z4JHFR3TD0FMN3VSZ.webp,https://slimetoy.com.tw/ichiban/detail/583,一番賞,450.0,385.0
一番賞 2026 三麗鷗賞《Lil ala mode by mikko × 三麗鷗角色》,https://img.slimetoy.com.tw/products/01KGT1C5WHF31DD1SEAYMD7G2M.png,https://slimetoy.com.tw/ichiban/detail/580,一番賞,450.0,385.0
一番賞 《排球少年!!》 -最強的挑戰者-,https://img.slimetoy.com.tw/products/01KGAGAE5QV6HJ3EMF6APTZC4K.webp,https://slimetoy.com.tw/ichiban/detail/578,一番賞,395.0,360.0
一番賞 《航海王》ONE PIECE CARD GAME,https://img.slimetoy.com.tw/products/01KGAGRKDFTQDXBYPBP57Y75TE.webp,https://slimetoy.com.tw/ichiban/detail/577,一番賞,420.0,360.0
一番賞 《我的英雄學院》－交織的思念－,https://img.slimetoy.com.tw/products/01KGAHFNCNYFABJNEPJDGDA5Z6.webp,https://slimetoy.com.tw/ichiban/detail/576,一番賞,420.0,365.0
一番賞 《貓咪大戰爭》～一起來撕撕籤紙喵～,https://img.slimetoy.com.tw/products/01KG4G9B9WWZN1R51SF95T0D62.webp,https://slimetoy.com.tw/ichiban/detail/575,一番賞,390.0,360.0
一番賞 《LAWSON》～50th Anniversary～,https://img.slimetoy.com.tw/products/01KGFDZ5K2PFRQ8VBNW3XMPW3C.webp,https://slimetoy.com.tw/ichiban/detail/574,一番賞,420.0,380.0
一番賞 《Fate/Grand Order》～名流夏日體驗＆原型啟動～,https://img.slimetoy.com.tw/products/01KFXZG6XTAFV0S49YZDAH3QJM.webp,https://slimetoy.com.tw/ichiban/detail/567,一番賞,380.0,330.0
一番賞 神隱工作室｜心臟的火苗．卡西法,https://img.slimetoy.com.tw/products/01KFQFCMR1VMX2G839NWCSHY92.webp,https://slimetoy.com.tw/ichiban/detail/551,一番賞,200.0,160.0
一番賞 《七龍珠》BATTLE OF THE SUPER SAIYAN,https://img.slimetoy.com.tw/products/01KF6PB6CGGKPF6J9780WBS0KQ.webp,https://slimetoy.com.tw/ichiban/detail/547,一番賞,385.0,360.0
一番賞 潮玩賞 一番賞公仔大亂鬥 Part5,https://img.slimetoy.com.tw/products/01KF07EV5YX94T80482VMWXM8D.webp,https://slimetoy.com.tw/ichiban/detail/543,一番賞,249.0,179.0
一番賞 Hit Face｜大尺寸福袋卡西法,https://img.slimetoy.com.tw/products/01KEXZ6VNFRK6ZM6FDQBAVSWF8.webp,https://slimetoy.com.tw/ichiban/detail/541,一番賞,149.0,99.0
一番賞 (最後賞直接抽) 火影忍者-疾風傳- ~輪迴的嘆息與平和的橋樑~,https://img.slimetoy.com.tw/products/01KF1E9Q1627JJXVC36M20TG7N.webp,https://slimetoy.com.tw/ichiban/detail/518,一番賞,420.0,
一番賞 火影忍者-疾風傳- ~輪迴的嘆息與平和的橋樑~,https://img.slimetoy.com.tw/products/01KF1E8W70R3KPRTPGF2ANF65S.webp,https://slimetoy.com.tw/ichiban/detail/506,一番賞,385.0,360.0
一番賞 《小熊維尼》 ~Cozy Winter Days~,https://img.slimetoy.com.tw/products/01KDZESV4NK4R1EC5SW7VSBWCH.jpg,https://slimetoy.com.tw/ichiban/detail/505,一番賞,350.0,300.0
一番賞 SPY×FAMILY -Get ready to have fun!-,https://img.slimetoy.com.tw/products/01KEV9FTN16HG6EPNH811HJWCP.webp,https://slimetoy.com.tw/ichiban/detail/467,一番賞,380.0,350.0
一番賞 勝利女神：妮姬 CHAPTER6,https://img.slimetoy.com.tw/products/01KEV9JDNDAZ4KJG27B5PG3ZPB.webp,https://slimetoy.com.tw/ichiban/detail/450,一番賞,395.0,350.0
一番賞 《我的英雄學院》 -更向前邁進-,https://img.slimetoy.com.tw/products/01KEVAA5T0AF5ZYZ5B0RQYMY03.webp,https://slimetoy.com.tw/ichiban/detail/446,一番賞,420.0,360.0
一番賞 《吉伊卡哇》變成雪人啦！,https://img.slimetoy.com.tw/products/01KEYRPQANFMRS69X46FB6R2SX.webp,https://slimetoy.com.tw/ichiban/detail/445,一番賞,450.0,415.0
一番賞 潮玩賞 一番賞公仔大亂鬥 Part3,https://img.slimetoy.com.tw/products/01KEVQSXS63HH4BZKPD80PNCRH.webp,https://slimetoy.com.tw/ichiban/detail/440,一番賞,259.0,199.0
一番賞 三麗鷗角色節慶錦集,https://img.slimetoy.com.tw/products/01KEVAH6ZEA81YD5HK3AY1S431.webp,https://slimetoy.com.tw/ichiban/detail/437,一番賞,365.0,315.0
一番賞 《進撃的巨人》 ～ 獸之巨人由我來解決～(代理版),https://img.slimetoy.com.tw/products/01KEVAQJ2W72Q05S3AW0SYAXSB.webp,https://slimetoy.com.tw/ichiban/detail/430,一番賞,335.0,
一番賞 《航海王》 未來島蛋頭篇 ～Burst of Energy～,https://img.slimetoy.com.tw/products/01KEVCBRC0TM9R6PT9S4RXMAM2.webp,https://slimetoy.com.tw/ichiban/detail/418,一番賞,390.0,345.0
一番賞 超級瑪利歐 總是在一起的瑪利歐&朋友們,https://img.slimetoy.com.tw/products/01KEVAWJ4WTYCQCZBTKMKPHK1J.webp,https://slimetoy.com.tw/ichiban/detail/411,一番賞,365.0,330.0
一番賞 《進撃的巨人》 ～ 獸之巨人由我來解決～(代理版),https://img.slimetoy.com.tw/products/01KEVASK4TVDK65C7ZJS6BN5DK.webp,https://slimetoy.com.tw/ichiban/detail/408,一番賞,335.0,
一番賞 《進撃的巨人》 ～ 獸之巨人由我來解決～(代理版),https://img.slimetoy.com.tw/products/01KEVARWJEMZ48VXZB7GDP4VG6.webp,https://slimetoy.com.tw/ichiban/detail/406,一番賞,335.0,
一番賞 《我的英雄學院》 幸福之上 (代理版),https://img.slimetoy.com.tw/products/01KEVB1ASXFR6HCKFC69W36M67.webp,https://slimetoy.com.tw/ichiban/detail/405,一番賞,305.0,
一番賞 《我的英雄學院》 幸福之上 (代理版),https://img.slimetoy.com.tw/products/01KEVB1GEVT18AAN7SCQNWPCCA.webp,https://slimetoy.com.tw/ichiban/detail/404,一番賞,305.0,
一番賞 《七龍珠》DRAGONBALL SNAP COLLECTION2,https://img.slimetoy.com.tw/products/01KEVB7TNMVNMTC93C4VH657P0.webp,https://slimetoy.com.tw/ichiban/detail/396,一番賞,380.0,315.0
一番賞 快樂賞 「排球少年！」,https://img.slimetoy.com.tw/products/01KEVS0GWW8NK9C1XKXYWTP22C.webp,https://slimetoy.com.tw/ichiban/detail/391,一番賞,360.0,345.0
一番賞 《進撃的巨人》 ～ 獸之巨人由我來解決～(代理版),https://img.slimetoy.com.tw/products/01KEVB7DAQ3Y419EH0C1PSDT58.webp,https://slimetoy.com.tw/ichiban/detail/390,一番賞,335.0,300.0
一番賞 《DINOTAENG 柿子椒熊》陽光菜園季,https://img.slimetoy.com.tw/products/01KEVNYVQJZ5E3ZYQD38MA72P1.webp,https://slimetoy.com.tw/ichiban/detail/387,一番賞,390.0,365.0
一番賞 《星之卡比》 ～Pupupuri MIX 復刻版～,https://img.slimetoy.com.tw/products/01KEYRM6X1HZYKJGD7X1ZGB453.webp,https://slimetoy.com.tw/ichiban/detail/384,一番賞,360.0,345.0
一番賞 潮玩賞 《寶可夢傳說Z-A》x Nintendo Switch 2,https://img.slimetoy.com.tw/products/01KEVBV1174D00GXEKMZS8B0CW.webp,https://slimetoy.com.tw/ichiban/detail/374,一番賞,299.0,199.0
一番賞 《寶可夢Pokémon》~Let's Go for a Walk!~,https://img.slimetoy.com.tw/products/01KCDGYZM8P0VPZQY07J070SWH.jpg,https://slimetoy.com.tw/ichiban/detail/366,一番賞,345.0,315.0
一番賞 潮玩賞 《寶可夢傳說Z-A》x Nintendo Switch 2,https://img.slimetoy.com.tw/products/01KEVN5283X2D6A827DDZDKZKD.webp,https://slimetoy.com.tw/ichiban/detail/365,一番賞,299.0,199.0
一番賞 潮玩賞 一番賞公仔大亂鬥 Part2,https://img.slimetoy.com.tw/products/01KC5F1TH5RNZ49QC6K79842AG.jpg,https://slimetoy.com.tw/ichiban/detail/363,一番賞,249.0,199.0
一番賞 《我的英雄學院》 幸福之上,https://img.slimetoy.com.tw/products/01KEVBMJ49MCTH48HN8ZKSYMZN.webp,https://slimetoy.com.tw/ichiban/detail/351,一番賞,360.0,345.0
一番賞 《勇者鬥惡龍》 ~傳奇回歸~,https://img.slimetoy.com.tw/products/01KCDHBJP6JR157RMMRVQYJNMS.jpg,https://slimetoy.com.tw/ichiban/detail/350,一番賞,360.0,325.0
一番賞 《摩斯漢堡》第二彈,https://img.slimetoy.com.tw/products/01KCS5FH6M66QBT35EER9G12T0.jpg,https://slimetoy.com.tw/ichiban/detail/349,一番賞,360.0,305.0
一番賞 潮玩賞 PlayStation®5 Slim 光碟版主機,https://img.slimetoy.com.tw/products/01KCP4XNVPXRRQKCHR32CB5BYD.jpg,https://slimetoy.com.tw/ichiban/detail/346,一番賞,219.0,199.0
一番賞 潮玩賞 《寶可夢傳說Z-A》x Nintendo Switch 2,https://img.slimetoy.com.tw/products/01KEVN9BH8ZW0HHQHM51BHMC33.webp,https://slimetoy.com.tw/ichiban/detail/345,一番賞,219.0,199.0
一番賞 潮玩賞 一番賞公仔大亂鬥,https://img.slimetoy.com.tw/products/01KCDH8R4S7539G9J3RVGE8WZG.jpg,https://slimetoy.com.tw/ichiban/detail/344,一番賞,249.0,199.0
一番賞 《我的英雄學院》 幸福之上,https://img.slimetoy.com.tw/products/01KEVBKAHGB3VGA4V7YBEHN607.webp,https://slimetoy.com.tw/ichiban/detail/343,一番賞,360.0,315.0
一番賞 《七龍珠》 40周年 ~其之一~,https://img.slimetoy.com.tw/products/01KCDHPR7SJ0MVGRH21VFE7GQE.jpg,https://slimetoy.com.tw/ichiban/detail/331,一番賞,360.0,345.0
一番賞 潮玩賞 《寶可夢傳說Z-A》x Nintendo Switch 2,https://img.slimetoy.com.tw/products/01KEVNVA09G5XF66D3RTG1XS71.webp,https://slimetoy.com.tw/ichiban/detail/329,一番賞,219.0,199.0
一番賞 《七龍珠》 40周年 ~其之一~,https://img.slimetoy.com.tw/products/01KCDHRERCBZ6E2QBB97ECGH9N.jpg,https://slimetoy.com.tw/ichiban/detail/321,一番賞,360.0,345.0
一番賞 《膽大黨》〜壓倒性的怪奇・強襲!～,https://img.slimetoy.com.tw/products/01KCDHNCVVW9EA4EFZ8EPXF3XM.jpg,https://slimetoy.com.tw/ichiban/detail/310,一番賞,360.0,315.0
一番賞 《七龍珠》 40周年 ~其之一~,https://img.slimetoy.com.tw/products/01KCDHSWFBV1T6ZWSR3CGFTGEM.jpg,https://slimetoy.com.tw/ichiban/detail/303,一番賞,360.0,345.0
一番賞 《我的英雄學院》 幸福之上,https://img.slimetoy.com.tw/products/01KEVBJZYAT6689GXVH8015NG5.webp,https://slimetoy.com.tw/ichiban/detail/302,一番賞,360.0,300.0
一番賞 《寶可夢Pokémon》超級進化（代理版）,https://img.slimetoy.com.tw/products/01KCDHWTXXW41H1M4KY5VTF4S7.jpg,https://slimetoy.com.tw/ichiban/detail/301,一番賞,280.0,
一番賞 《寶可夢Pokémon》超級進化（代理版）,https://img.slimetoy.com.tw/products/01KCDHXBXX8KQB3AVXA8ESJQGG.jpg,https://slimetoy.com.tw/ichiban/detail/300,一番賞,280.0,235.0
一番賞 《我的英雄學院》 幸福之上,https://img.slimetoy.com.tw/products/01KEVBH6CNWYMFZY9XSW290V0Y.webp,https://slimetoy.com.tw/ichiban/detail/299,一番賞,350.0,300.0
一番賞 2025年 三麗鷗角色排名大賞,https://img.slimetoy.com.tw/products/01KCDJ1JSQ5DC7ZA331FNR8G85.jpg,https://slimetoy.com.tw/ichiban/detail/298,一番賞,380.0,199.0
一番賞 《哥吉拉》 怪獸亂舞 ・荒蠻之物・,https://img.slimetoy.com.tw/products/01KCDJ3GVQAYD23NTCT7SQ6PTE.jpg,https://slimetoy.com.tw/ichiban/detail/296,一番賞,450.0,415.0
一番賞 《寶可夢Pokémon》超級進化（代理版）,https://img.slimetoy.com.tw/products/01KCDJ9A1CBQMVHP23YJSVVZ52.jpg,https://slimetoy.com.tw/ichiban/detail/293,一番賞,280.0,
一番賞 《獵人》CHIMERA ANT嵌合蟻② (代理版）,https://img.slimetoy.com.tw/products/01KCDJ7P7J3EMA5Y2ZZ1W2VTYZ.jpg,https://slimetoy.com.tw/ichiban/detail/292,一番賞,305.0,
一番賞 《航海王》~The Unbreakable Law~,https://img.slimetoy.com.tw/products/01KCDJW4G1J9CQ0YX4XFE6P4A5.jpg,https://slimetoy.com.tw/ichiban/detail/263,一番賞,360.0,250.0
一番賞 《吉伊卡哇》～感到暖心的吉伊卡哇溫泉～,https://img.slimetoy.com.tw/products/01KC6W4Y1NKV06MJ9JQDZAE863.jpg,https://slimetoy.com.tw/ichiban/detail/261,一番賞,330.0,
一番賞 《JOJO的奇妙冒險》星塵遠征軍 -STAND RUSH!(代理版),https://img.slimetoy.com.tw/products/01KC6WFPMTH9H0TSXX0XZ66K9Z.jpg,https://slimetoy.com.tw/ichiban/detail/256,一番賞,345.0,305.0
一番賞 「孤獨搖滾！」VOLUME 4,https://img.slimetoy.com.tw/products/01KC6WKYM3JPZQ64AV7QYFTN74.jpg,https://slimetoy.com.tw/ichiban/detail/255,一番賞,330.0,305.0
一番賞 【預購】潮玩賞 iPhone 17 Pro x AirPods Pro 3,https://img.slimetoy.com.tw/products/01KHBX0JY4668368MJ535P79P6.webp,https://slimetoy.com.tw/ichiban/detail/230,一番賞,160.0,
一番賞 《獵人》CHIMERA ANT嵌合蟻②（日版）,https://img.slimetoy.com.tw/products/01KC6XM31SFQYV3P2Z7PV8AY5C.jpg,https://slimetoy.com.tw/ichiban/detail/171,一番賞,360.0,295.0
一番賞 潮玩賞 一番賞公仔大亂鬥 Part4,https://img.slimetoy.com.tw/products/01KE88FA2NTBNYV4YW0YQH4R0F.jpg,https://slimetoy.com.tw/ichiban/detail/507,一番賞,249.0,199.0
一番賞 Hololive ～Villain Style～,https://img.slimetoy.com.tw/products/01KF12387RR1AAT57H8KBXDGGS.webp,https://slimetoy.com.tw/ichiban/detail/504,一番賞,415.0,385.0
一番賞 《電馭叛客》邊緣行者(代理版),https://img.slimetoy.com.tw/products/01KEV9DFBH68WRF345Q9D4RD6J.webp,https://slimetoy.com.tw/ichiban/detail/480,一番賞,350.0,
一番賞 《亂馬1/2》 第二彈,https://img.slimetoy.com.tw/products/01KEVAMNWGG3D5WXSGFVP06MMV.webp,https://slimetoy.com.tw/ichiban/detail/431,一番賞,385.0,335.0
一番賞 《亂馬1/2》 第二彈,https://img.slimetoy.com.tw/products/01KEVATB5RSTPNWCE2EK6M0ESN.webp,https://slimetoy.com.tw/ichiban/detail/413,一番賞,385.0,335.0
一番賞 《航海王》 未來島蛋頭篇 ～Burst of Energy～,https://img.slimetoy.com.tw/products/01KEVB73SSBVZBGV66TZWDZCDV.webp,https://slimetoy.com.tw/ichiban/detail/412,一番賞,390.0,305.0
一番賞 《鬼滅之刃》～姊妹的復仇～,https://img.slimetoy.com.tw/products/01KEVAYYWJWSB20GGX8GC0X6C4.webp,https://slimetoy.com.tw/ichiban/detail/410,一番賞,395.0,350.0
一番賞 《鬼滅之刃》～姊妹的復仇～,https://img.slimetoy.com.tw/products/01KEVAYQ7JH07Y110F2RKRHSE9.webp,https://slimetoy.com.tw/ichiban/detail/409,一番賞,395.0,305.0
一番賞 《我的英雄學院》 幸福之上 (代理版),https://img.slimetoy.com.tw/products/01KEVB1NZW4MH8X7X5QSSS5600.webp,https://slimetoy.com.tw/ichiban/detail/402,一番賞,305.0,
一番賞 超級瑪利歐 總是在一起的瑪利歐&朋友們,https://img.slimetoy.com.tw/products/01KEVB7H5KH9CK9XFFMHWK4QZV.webp,https://slimetoy.com.tw/ichiban/detail/395,一番賞,365.0,330.0
一番賞 《進撃的巨人》 ～ 獸之巨人由我來解決～(代理版),https://img.slimetoy.com.tw/products/01KEVB78WTKE6M21G2JERFS3V5.webp,https://slimetoy.com.tw/ichiban/detail/389,一番賞,335.0,
一番賞 《星之卡比》 ～Pupupuri MIX 復刻版～,https://img.slimetoy.com.tw/products/01KCDGXDYD5NRCXZ0EFBKS0V3W.jpg,https://slimetoy.com.tw/ichiban/detail/373,一番賞,360.0,295.0
一番賞 《寶可夢Pokémon》~Let's Go for a Walk!~,https://img.slimetoy.com.tw/products/01KCDGZJNGQF0XF3YWSYANV7QV.jpg,https://slimetoy.com.tw/ichiban/detail/364,一番賞,345.0,315.0
一番賞 航海王 vol.100 Anniversary,https://img.slimetoy.com.tw/products/01KC6QT797TBVMTA5DXNVKEN9Z.jpg,https://slimetoy.com.tw/ichiban/detail/362,一番賞,360.0,
一番賞 快樂賞 「排球少年！」,https://img.slimetoy.com.tw/products/01KC5D1E2G4XSNM17VNJJSMKA8.jpg,https://slimetoy.com.tw/ichiban/detail/354,一番賞,360.0,345.0
一番賞 《寶可夢Pokémon》~Let's Go for a Walk!~,https://img.slimetoy.com.tw/products/01KC5CV7MFZBAFZQZEK7MGP6ZD.jpg,https://slimetoy.com.tw/ichiban/detail/353,一番賞,345.0,280.0
一番賞 《我的英雄學院》 幸福之上,https://img.slimetoy.com.tw/products/01KEVBJE8WACWVBDR2C97C99TY.webp,https://slimetoy.com.tw/ichiban/detail/330,一番賞,360.0,305.0
一番賞 潮玩賞 《寶可夢傳說Z-A》x Nintendo Switch 2,https://img.slimetoy.com.tw/products/01KEVMYQAZV3BNCPHY72CSM979.webp,https://slimetoy.com.tw/ichiban/detail/322,一番賞,219.0,199.0
一番賞 《七龍珠》 40周年 ~其之一~,https://img.slimetoy.com.tw/products/01KCDHQW8F42XNZRVZ5MQPS3S6.jpg,https://slimetoy.com.tw/ichiban/detail/309,一番賞,360.0,199.0
一番賞 潮玩賞 《寶可夢傳說Z-A》x Nintendo Switch 2,https://img.slimetoy.com.tw/products/01KEVMSKS9KJAF8D4X4DJJFT2F.webp,https://slimetoy.com.tw/ichiban/detail/297,一番賞,219.0,199.0
一番賞 《哥吉拉》 怪獸亂舞 ・荒蠻之物・,https://img.slimetoy.com.tw/products/01KCDJ30NBF65T70PN8WD3MN8V.jpg,https://slimetoy.com.tw/ichiban/detail/295,一番賞,450.0,
一番賞 《我的英雄學院》 幸福之上,https://img.slimetoy.com.tw/products/01KEVBH0AQHMFS7PMCBE28NWQH.webp,https://slimetoy.com.tw/ichiban/detail/282,一番賞,350.0,
一番賞 《膽大黨》〜壓倒性的怪奇・強襲!～,https://img.slimetoy.com.tw/products/01KCDJBC1E8PGFXEPW8D6AHGF2.jpg,https://slimetoy.com.tw/ichiban/detail/281,一番賞,350.0,295.0
一番賞 《進撃的巨人》 ～ 獸之巨人由我來解決～,https://img.slimetoy.com.tw/products/01KEVBCSKZ5BVA5XC4JJ28V5M5.webp,https://slimetoy.com.tw/ichiban/detail/280,一番賞,360.0,
一番賞 《我的英雄學院》 幸福之上,https://img.slimetoy.com.tw/products/01KEVBGSH0PR0KSWAE306RK5CX.webp,https://slimetoy.com.tw/ichiban/detail/279,一番賞,350.0,
一番賞 拉拉熊 x LAWSON50周年紀念,https://img.slimetoy.com.tw/products/01KCDJD478MGA7AC680739GCS1.jpg,https://slimetoy.com.tw/ichiban/detail/267,一番賞,335.0,200.0
一番賞 《鬼滅之刃》~雷之兄弟~,https://img.slimetoy.com.tw/products/01KC6WAEA4QF8G1K8D59WWJ0XW.jpg,https://slimetoy.com.tw/ichiban/detail/260,一番賞,345.0,210.0
一番賞 《吉伊卡哇》～感到暖心的吉伊卡哇溫泉～,https://img.slimetoy.com.tw/products/01KC6WN4V3ZJHSQMPE1PD89YS6.jpg,https://slimetoy.com.tw/ichiban/detail/254,一番賞,330.0,
一番賞 快樂賞 三麗鷗角色萬聖節裝扮 2025,https://img.slimetoy.com.tw/products/01KC6XD0A8GEYVT9XZEW2AZPKJ.jpg,https://slimetoy.com.tw/ichiban/detail/252,一番賞,340.0,280.0
一番賞 《獵人》CHIMERA ANT嵌合蟻②,https://img.slimetoy.com.tw/products/01KC6WTGDEH4FCJ2HM57KCPJNA.jpg,https://slimetoy.com.tw/ichiban/detail/244,一番賞,360.0,
一番賞 「孤獨搖滾！」VOLUME 4,https://img.slimetoy.com.tw/products/01KC6WW7KVFXPJ1F9N9J13J5KT.jpg,https://slimetoy.com.tw/ichiban/detail/243,一番賞,260.0,
一番賞 「孤獨搖滾！」VOLUME 4,https://img.slimetoy.com.tw/products/01KC6XFBS8SP6GEEQ88H302ATP.jpg,https://slimetoy.com.tw/ichiban/detail/228,一番賞,280.0,
一番賞 初音未來 眼鏡x咖啡廳 2025 Autumn,https://img.slimetoy.com.tw/products/01KCP5CWBZXWQP4SNP63YRQXXD.jpg,https://slimetoy.com.tw/ichiban/detail/219,一番賞,325.0,269.0
一番賞 《葛飾北齋》(代理版),https://img.slimetoy.com.tw/products/01KC711661TYE3NC7HNS01DESE.jpg,https://slimetoy.com.tw/ichiban/detail/166,一番賞,295.0,
一番賞 《七龍珠》ASSEMBLE COLLECTION～孫悟空少年期篇～,https://img.slimetoy.com.tw/products/01KCP5EJ41EZNVFGAAQA5MZPNG.jpg,https://slimetoy.com.tw/ichiban/detail/159,一番賞,330.0,300.0
一番賞 樂淘賞《罐頭豬LuLu》～懶懶餐桌～,https://img.slimetoy.com.tw/products/01KC713Y82CF1M3GKAB3H969GA.jpg,https://slimetoy.com.tw/ichiban/detail/112,一番賞,320.0,
一番賞 《小魔女DoReMi》Sweet magical surprise!,https://img.slimetoy.com.tw/products/01KC74VCRAC9K67FD4HG6M4N9S.jpg,https://slimetoy.com.tw/ichiban/detail/111,一番賞,350.0,
一番賞 《我的英雄學院》~相反的意念~,https://img.slimetoy.com.tw/products/01KC5DJGFHC7BA192DD5AA96MS.jpg,https://slimetoy.com.tw/ichiban/detail/103,一番賞,360.0,200.0
一番賞 《湯姆貓與傑利鼠》Tasty Moments～天天都美味～,https://img.slimetoy.com.tw/products/01KC75DFA33S5B3YSC5FXV9F8W.jpg,https://slimetoy.com.tw/ichiban/detail/87,一番賞,320.0,
一番賞 《星際寶貝》 ~悠閒慵懶的夏日~,https://img.slimetoy.com.tw/products/01KC75GMK6PNKJPBFJ82QPVCTC.jpg,https://slimetoy.com.tw/ichiban/detail/70,一番賞,350.0,295.0
一番賞 《七龍珠》 經典對戰組合 VS OMNIBUS GREAT (陸版),https://img.slimetoy.com.tw/products/01KCP5K2N5YW7X559710RHRNQN.jpg,https://slimetoy.com.tw/ichiban/detail/65,一番賞,280.0,
一番賞 復古喫茶店,https://img.slimetoy.com.tw/products/01KC78VPJK1B4XJJYPKBEB0VJA.jpg,https://slimetoy.com.tw/ichiban/detail/39,一番賞,260.0,
一番賞 《湯姆貓與傑利鼠》Yummy Funny House!,https://img.slimetoy.com.tw/products/01KC7934VPTQ1HZ299PMC3GSPP.jpg,https://slimetoy.com.tw/ichiban/detail/31,一番賞,320.0,305.0
一番賞 《玩具總動員》30周年紀念＆未來展望,https://img.slimetoy.com.tw/products/01KC796P9K0VNCV1CT6EBDE3S4.jpg,https://slimetoy.com.tw/ichiban/detail/28,一番賞,350.0,310.0
